Qualified for pricelist >= 2024;Code;Name;Description;LicenseDuration;MaintenanceDuration;ExpectedDeliveryTime;PaymentModel;ExpectedInvoiceDate;GrantOfRights;Profile;MandatoryOptional_ID;LicenseMethod;Cost_Center;Discount_Rate;Operational_Profit_Rate;OperationalProfitType;Perpetual;Support_Hours_Amount;UpdateRight;Apply_Withholding_Tax
yes;1;Dongled License;"- Dongled License (as defined in Elektrobit T&C)
- Including MAINTENANCE (as defined on page ""Definitions"")";perpetual;12 months;FINALIZED PURCHASE PROCESS + 2 weeks;One-time payment;With FINAL DELIVERY;Elektrobit Tooling Licence;License;;FlexNet Publisher Dongle License File;6400;10;50;Fix rate;TRUE;;UpdateRightByConfiguration;TRUE
yes;2;Floating License;"- Floating License per seat (as defined in Elektrobit T&C)
- Including MAINTENANCE (as defined on page ""Definitions"")";perpetual;12 months;FINALIZED PURCHASE PROCESS + 2 weeks;One-time payment;With FINAL DELIVERY;Elektrobit Tooling Licence;License;;FlexNet Publisher Server Activation Code;6400;10;50;Fix rate;TRUE;;UpdateRightByConfiguration;TRUE
yes;3;Dongled License Support & Maintenance;"- Extension of MAINTENANCE duration (as defined on page ""Definitions"")
- Valid for existing Dongled License (as defined in Elektrobit T&C)";n/a;12 months;n/a;Annual payment;Anually at the beginning of the extended period;n/a;License;;FlexNet Publisher Dongle License File;6400;10;50;Fix rate;FALSE;;TotalAmountAsUpdateRight;TRUE
yes;4;Floating License Support & Maintenance;"- Extension of MAINTENANCE duration (as defined on page ""Definitions"")
- Valid for existing Floating License per seat (as defined in Elektrobit T&C)";n/a;12 months;n/a;Annual payment;Anually at the beginning of the extended period;n/a;License;;FlexNet Publisher Server Activation Code;6400;10;50;Fix rate;FALSE;;TotalAmountAsUpdateRight;TRUE
;5;Prototyping Project License;Limited development license for one project, one µC derivate, one basic software version, no production license included, can be used for developing prototypes.;#N/A;#N/A;#N/A;#N/A;#N/A;#N/A;License;;no technical license protection;;10;50;Fix rate;FALSE;;none;TRUE
;6;Concept License Maintenance;Includes updates, e.g. patches and service release and 40% discount when upgrading to new AUTOSAR version.;#N/A;#N/A;#N/A;#N/A;#N/A;#N/A;License;;no technical license protection;;10;50;Fix rate;FALSE;;none;TRUE
;7;Firmware Support & Maintenance;Extension of firmware updates and patch releases for one year.;#N/A;#N/A;#N/A;#N/A;#N/A;#N/A;License;;no technical license protection;;10;50;Fix rate;FALSE;;none;TRUE
yes;8;Hardware;"- ELEKTROBIT HARDWARE device
- Specification defined in section ""Products and services""";n/a;n/a;FINALIZED PURCHASE PROCESS + 16 weeks;One-time payment;With FINAL DELIVERY;n/a;Hardware;;no technical license protection;6400;10;;Calculated;FALSE;;none;TRUE
;9;Training (EB AUTOSAR);;#N/A;#N/A;#N/A;#N/A;#N/A;#N/A;Training;;no technical license protection;6400;10;;Calculated;FALSE;;none;TRUE
;10;"Package ""Basic""";Three months time-limited, 2 full featured licenses for EB tresos Studio and EB tresos AutoCore. Designated engineering services, incl. travel expenses - Germany only.;#N/A;#N/A;#N/A;#N/A;#N/A;#N/A;Product related service without profile;;no technical license protection;;10;;Calculated;FALSE;;none;TRUE
yes;11;Concept License;"The CUSTOMER gets the right to use the license under the following condition: 
a. The run-time software is used for developing demonstrator systems or proof of concepts of one CUSTOMER PRODUCT before the final nomination to a Vehicle OEM Brand mass production project. 
b. Limited license duration. As long as the CUSTOMER PRODUCT has not been nominated by an Vehicle OEM Brand, a new concept license can be purchased to extend the validity for a further year. 
c. The run-time software is used for one µC derivate and compiler & version only. 

- Including MAINTENANCE (as defined on page ""Definitions"") 

Additionally, the restrictions according to the LICENSE PROFILE defined on page ""Scope of license"" apply.";12 months;12 months;FINALIZED PURCHASE PROCESS + 2 weeks;One-time payment;With FINAL DELIVERY;Development License;License;;no technical license protection;6400;10;50;Fix rate;FALSE;;UpdateRightByConfiguration;TRUE
;12;Object Code License;;#N/A;#N/A;#N/A;#N/A;#N/A;#N/A;License;;no technical license protection;;10;50;Fix rate;FALSE;;none;TRUE
;13;Firmware;;#N/A;#N/A;#N/A;#N/A;#N/A;#N/A;License;;no technical license protection;;10;50;Fix rate;TRUE;;#N/A;TRUE
;14;Company License (EB GUIDE);#NAME?;#N/A;#N/A;#N/A;#N/A;#N/A;#N/A;License;;no technical license protection;6400;10;50;Fix rate;TRUE;;UpdateRightByConfiguration;TRUE
;15;Support Package (EB tresos);;#N/A;#N/A;#N/A;#N/A;#N/A;#N/A;Product related service without profile;;no technical license protection;6500;10;;Calculated;FALSE;;none;TRUE
;16;Node Locked License Maintenance (EB GUIDE);"- Per seat

- Includes free UPDATES to new product versions within the same primary version number for 12 months. 

- Includes 10h support for 12 months



- Node locked licenses for EB GUIDE require a permanent LAN adapter connected. WLAN network connection cannot be supported with the official Oracle Java JRE delivered with EB GUIDE.";#N/A;#N/A;#N/A;#N/A;#N/A;#N/A;License;;EB GUIDE Node-Locked License File;6400;10;50;Fix rate;TRUE;10;TotalAmountAsUpdateRight;TRUE
;17;Company License SW-Maintenance (EB GUIDE);- Includes free UPDATES to new product versions within the same primary version number for 12 months.;#N/A;#N/A;#N/A;#N/A;#N/A;#N/A;License;;no technical license protection;6400;10;50;Fix rate;TRUE;;TotalAmountAsUpdateRight;TRUE
;18;Project License (OsekCore);"

Project License for one OEM, one ECU; Including one year maintenance.";#N/A;#N/A;#N/A;#N/A;#N/A;#N/A;License;;no technical license protection;;10;50;Fix rate;FALSE;;none;TRUE
;19;Project License Maintenance (OsekCore);Extended maintenance for additional year.;#N/A;#N/A;#N/A;#N/A;#N/A;#N/A;License;;no technical license protection;;10;50;Fix rate;FALSE;;none;TRUE
yes;20;Project License;"The CUSTOMER gets the right to use the license under the following condition: 
a. The run-time software is used for one Vehicle OEM Brand only. 
b. The run-time software is used for one Model generation only. 
c. The run-time software is used for one CUSTOMER PRODUCT only. 
d. The run-time software is used in one ECU software version only. 
e. The run-time software is used for one µC derivate and compiler version only. 

- Including MAINTENANCE (as defined on page ""Definitions"") 

Additionally, the restrictions according to the LICENSE PROFILE defined on page ""Scope of license"" apply.";perpetual;12 months;FINALIZED PURCHASE PROCESS + 2 weeks;One-time payment;With FINAL DELIVERY;Reproduction and Distribution License;License;;no technical license protection;6400;10;50;Fix rate;TRUE;;UpdateRightByConfiguration;TRUE
yes;21;Development Maintenance for Project License;"- Extension of MAINTENANCE duration (as defined on page ""Definitions"")
- Valid for existing Project License

Please note:
- Updates and bugfixes are provided for the latest software version only.
- Tested only with the latest software version of related products (e.g., ELEKTROBIT TOOLING).";n/a;12 months;n/a;Annual payment;Anually at the beginning of the extended period;n/a;License;;no technical license protection;6400;10;50;Fix rate;FALSE;;TotalAmountAsUpdateRight;TRUE
;22;License Upgrade (Concept to Project);"

License upgrade does not renew maintenance period.";#N/A;#N/A;#N/A;#N/A;#N/A;#N/A;License;;no technical license protection;;10;50;Fix rate;FALSE;;none;TRUE
;23;Product Line License Maintenance (OsekCore);Extended maintenance per additional year.;#N/A;#N/A;#N/A;#N/A;#N/A;#N/A;License;;no technical license protection;;10;50;Fix rate;FALSE;;none;TRUE
;24;Platform Development License Software Maint. Service;"

Includes software upgrades to new AutoCore versions, updates and patch releases for the µC derivate.";#N/A;#N/A;#N/A;#N/A;#N/A;#N/A;License;;no technical license protection;;10;50;Fix rate;FALSE;;none;TRUE
;25;Dongled Evaluation License;Three month time-limited, full-featured license. Max. two extensions of one month each.;#N/A;#N/A;#N/A;#N/A;#N/A;#N/A;License;;FlexNet Publisher Dongle License File;6400;10;50;Fix rate;FALSE;;none;TRUE
;26;Floating Evaluation License;"The license is valid for the ordering company for the purpose of evaluating Elektrobit’s (EB) software in terms of usability, included features and applicability.

EB recognizes correct use, if the evaluation license agreement is filled out and signed by CUSTOMER and EB.";#N/A;#N/A;#N/A;#N/A;#N/A;#N/A;License;;FlexNet Publisher Server Activation Code;6400;10;50;Fix rate;FALSE;;none;TRUE
;27;Dongled License incl. Firmware License;Perpetual, full-featured license. Includes one year software updates and patch releases.;#N/A;#N/A;#N/A;#N/A;#N/A;#N/A;License;;FlexNet Publisher Dongle License File;;10;50;Fix rate;FALSE;;none;TRUE
yes;28;Partner License;"- Single-User Licenses (as defined in Elektrobit T&C) with technical restriction to only configure partners modules
- Includes the right to distribute
- Including MAINTENANCE (as defined on page ""Definitions"")";12 months;12 months;FINALIZED PURCHASE PROCESS + 2 weeks;One-time payment;With FINAL DELIVERY;n/a;License;;FlexNet Publisher Application Activation Code;6400;10;50;Fix rate;FALSE;;UpdateRightByConfiguration;TRUE
;29;Server Based License;Perpetual floating license, server based.;#N/A;#N/A;#N/A;#N/A;#N/A;#N/A;License;;no technical license protection;;10;50;Fix rate;FALSE;;none;TRUE
;30;Maintenance Dongled License (EB GUIDE);"

- Annual fee

- Fixing of errors reported by licensee.

- Minor version updates during 12 months (including new features)

- Command Server access";#N/A;#N/A;#N/A;#N/A;#N/A;#N/A;License;;FlexNet Publisher Dongle License File;;10;50;Fix rate;FALSE;;none;TRUE
;31;Company License Support & Maintenance;"

- Annual fee;";#N/A;#N/A;#N/A;#N/A;#N/A;#N/A;License;;no technical license protection;;10;50;Fix rate;FALSE;;none;TRUE
;32;Upgrade (EB GUIDE);#NAME?;#N/A;#N/A;#N/A;#N/A;#N/A;#N/A;License;;no technical license protection;6400;10;50;Fix rate;TRUE;;none;TRUE
;33;Dongled License (EB GUIDE);"- Perpetual DEVELOPMENT LICENSE per seat

- Includes free UPDATES to new product versions within the same primary version number for the first year. 

- Includes 10h support for the first year";#N/A;#N/A;#N/A;#N/A;#N/A;#N/A;License;;EB GUIDE Dongle License File;6400;10;50;Fix rate;TRUE;10;UpdateRightByConfiguration;TRUE
;34;Dongled Temporary License;"

Time limited license.";#N/A;#N/A;#N/A;#N/A;#N/A;#N/A;License;;no technical license protection;;10;50;Fix rate;FALSE;;none;TRUE
;35;Development License (one developer seat);Perpetual, full featured license for developing applications and samples, production is not covered. 12 months maintenance and support via phone and e-mail included.;#N/A;#N/A;#N/A;#N/A;#N/A;#N/A;License;;no technical license protection;6400;10;50;Fix rate;TRUE;;UpdateRightByConfiguration;TRUE
;36;Development License (one developer seat) Support & Maintenance;"Extension of software updates and patch releases for one year.

Contains ten hours of support per developer seat.";#N/A;#N/A;#N/A;#N/A;#N/A;#N/A;License;;no technical license protection;6400;10;50;Fix rate;TRUE;;TotalAmountAsUpdateRight;TRUE
;37;Project License (one developer seat);Full development and production license for one single ECU project based on one µC derivative and one compiler version. 12 months maintenance and support via phone and email included.;#N/A;#N/A;#N/A;#N/A;#N/A;#N/A;License;;no technical license protection;6400;10;50;Fix rate;TRUE;;UpdateRightByConfiguration;TRUE
;38;Project License (one developer seat) Support & Maintenance;"Extension of software updates and patch releases for one year.

Contains ten hours of support per developer seat.";#N/A;#N/A;#N/A;#N/A;#N/A;#N/A;License;;no technical license protection;6400;10;50;Fix rate;TRUE;;TotalAmountAsUpdateRight;TRUE
;39;"Project License (three developer seats, including ""Porting Package - compiler version"" or ""Porting Package - derivative"")";Full development and production license for one single ECU project based on one µC derivative and one compiler version. 12 months maintenance and support via phone and e-mail included.;#N/A;#N/A;#N/A;#N/A;#N/A;#N/A;License;;no technical license protection;6400;10;50;Fix rate;TRUE;;UpdateRightByConfiguration;TRUE
;40;"Project License (three developer seats, including ""Porting Package - compiler version"" or ""Porting Package - derivative"") Support & Maintenance";"Extension of software updates and patch releases for one year.

Contains ten hours of support per developer seat.";#N/A;#N/A;#N/A;#N/A;#N/A;#N/A;License;;no technical license protection;6400;10;50;Fix rate;TRUE;;TotalAmountAsUpdateRight;TRUE
;41;Product Line License (five developer seats);Full development and production license for all ECU projects in one product line of one company based on one µC family and one compiler version. Support for one dedicated µC derivative included. 12 months maintenance and support via phone and e-mail included.;#N/A;#N/A;#N/A;#N/A;#N/A;#N/A;License;;no technical license protection;6400;10;50;Fix rate;TRUE;;UpdateRightByConfiguration;TRUE
;42;Product Line License (five developer seats) Support & Maintenance;"Extension of software updates and patch releases for one year.

Contains 10 hours of support per developer seat.";#N/A;#N/A;#N/A;#N/A;#N/A;#N/A;License;;no technical license protection;6400;10;50;Fix rate;TRUE;;TotalAmountAsUpdateRight;TRUE
;43;Company License (ten developer seats);Full development and production license for all ECU projects in one company based on one µC family and one compiler version. Support for one dedicated µC derivative included. 12 months maintenance and support via phone and e-mail included.;#N/A;#N/A;#N/A;#N/A;#N/A;#N/A;License;;no technical license protection;6400;10;50;Fix rate;TRUE;;UpdateRightByConfiguration;TRUE
;44;Company License (ten developer seats) Support & Maintenance;"Extension of software updates and patch releases for one year.

Contains 10 hours of support per developer seat.";#N/A;#N/A;#N/A;#N/A;#N/A;#N/A;License;;no technical license protection;6400;10;50;Fix rate;TRUE;;TotalAmountAsUpdateRight;TRUE
;45;Additional developer seat;;#N/A;#N/A;#N/A;#N/A;#N/A;#N/A;License;;no technical license protection;6400;10;50;Fix rate;FALSE;;UpdateRightByConfiguration;TRUE
yes;46;Hardware Services;"- ELEKTROBIT HARDWARE-related service
- Scope defined in section ""Products and services"".";n/a;n/a;In mutual alignment with the project;One-time payment;With FINAL DELIVERY;n/a;Product related service without profile;;no technical license protection;6500;10;;Calculated;FALSE;;none;TRUE
yes;47;Company License for OEM;"The CUSTOMER gets the right to use the license under the following condition:
a. The run-time software is used for one Vehicle OEM Brand only.
b. The run-time software is used for one µC family and compiler version only.
- Including MAINTENANCE (as defined on page ""Definitions"")

Additionally, the restrictions according to the LICENSE PROFILE defined on page ""Scope of license"" apply.";perpetual;12 months;FINALIZED PURCHASE PROCESS + 2 weeks;One-time payment;With FINAL DELIVERY;Reproduction and Distribution License;License;;no technical license protection;6400;10;50;Fix rate;TRUE;;UpdateRightByConfiguration;TRUE
;48;OEM specific Domain License;"The product is used for production projects restricted to one application domain. We recognize the following application domains:

a. Body and Comfort

b. Powertrain

c. Chassis

d. Occupants and Passenger Safety

e. Multimedia, Telematics and Human-Machine Interface

Typical use case for this license is to develop and produce ECUs for one application domain for different vehicles.

Production: yes; µC: family; Number of projects: unlimited; Duration: perpetual;";#N/A;#N/A;#N/A;#N/A;#N/A;#N/A;License;;no technical license protection;;10;50;Fix rate;FALSE;;none;TRUE
yes;49;OEM-restricted Product Line License;"The CUSTOMER gets the right to use the license under the following condition: 
a. The run-time software is used for one Vehicle OEM Brand only. 
b. The run-time software is used for one CUSTOMER PRODUCT only. 
c. The run-time software is used for one µC derivate and compiler version only. 
- Including MAINTENANCE (as defined on page ""Definitions"") 
 
Additionally, the restrictions according to the LICENSE PROFILE defined on page ""Scope of license"" apply.";perpetual;12 months;FINALIZED PURCHASE PROCESS + 2 weeks;One-time payment;With FINAL DELIVERY;Reproduction and Distribution License;License;;no technical license protection;6400;10;50;Fix rate;TRUE;;UpdateRightByConfiguration;TRUE
;50;Shipment;;#N/A;#N/A;#N/A;#N/A;#N/A;#N/A;Hardware;;no technical license protection;6400;10;;Calculated;FALSE;;none;TRUE
;51;EB tresos AutoCore Bootloader for BMW (CAN);The Reference Bootloader can be used to update the Application of an ECU by using diagnostic communication. It integrates all bootloading relevant BMW specific system functionalities. The Reference Bootloader / BootManager are already pre-configured to update the EB tresos AutoCore Reference Application for BMW (CAN).;#N/A;#N/A;#N/A;#N/A;#N/A;#N/A;License;;no technical license protection;;10;50;Fix rate;FALSE;;none;TRUE
;52;Domain License Maintenance (AutoCore);;#N/A;#N/A;#N/A;#N/A;#N/A;#N/A;License;;no technical license protection;;10;50;Fix rate;FALSE;;none;TRUE
;53;SW-Assurance (EB GUIDE);;#N/A;#N/A;#N/A;#N/A;#N/A;#N/A;Product related service without profile;;no technical license protection;;10;;Calculated;FALSE;;none;TRUE
;54;Customization Services Qualification;Verification if OS release is compatible with the derivatives, compiler release and toolchain. Verification of custom compiler options. No adaption of the Os source code included.;#N/A;#N/A;#N/A;#N/A;#N/A;#N/A;Integration Package;;no technical license protection;;10;50;Fix rate;FALSE;;none;TRUE
;55;Customization Services Porting & Qualification;Porting of the OS to support new derivatives or compiler releases including qualification tests.;#N/A;#N/A;#N/A;#N/A;#N/A;#N/A;Integration Package;;no technical license protection;;10;50;Fix rate;FALSE;;none;TRUE
;56;Training (EB FlexRay);;#N/A;#N/A;#N/A;#N/A;#N/A;#N/A;Training;;no technical license protection;6400;10;;Calculated;FALSE;;none;TRUE
;57;Eth Driver - Porting to new target;Valid license of EB IP-stack and MCAL Eth driver, including stack qualification required;#N/A;#N/A;#N/A;#N/A;#N/A;#N/A;Porting;;no technical license protection;6500;10;;Calculated;FALSE;;none;TRUE
;58;Development License (SourceCode);;#N/A;#N/A;#N/A;#N/A;#N/A;#N/A;License;;no technical license protection;;10;50;Fix rate;FALSE;;none;TRUE
;59;Project License (Source Code);"The product is used for production projects restricted to one ECU project. We recognize correct use, if all of the following conditions are met:

a. The run-time software is developed for one ECU, only.

b. The ECU is used for one car platform of one OEM brand, only.

Typical use case: to develop and produce one ECU for one vehicle platform.

Production: yes; µC: derivative; Number of projects: one; Duration: perpetual";#N/A;#N/A;#N/A;#N/A;#N/A;#N/A;License;;no technical license protection;;10;50;Fix rate;FALSE;;none;TRUE
;60;Support of Ethernet Driver (MCAL);;#N/A;#N/A;#N/A;#N/A;#N/A;#N/A;Product related service without profile;;no technical license protection;;10;;Calculated;FALSE;;none;TRUE
;61;Support of additional features, training etc.;;#N/A;#N/A;#N/A;#N/A;#N/A;#N/A;Product related service without profile;;no technical license protection;;10;;Calculated;FALSE;;none;TRUE
;62;Evaluation / A-Sample License (Object-Code) Support & Maintenance;;#N/A;#N/A;#N/A;#N/A;#N/A;#N/A;License;;no technical license protection;6400;10;50;Fix rate;FALSE;;none;TRUE
;63;Development Maintenance (TCP/IP);#NAME?;#N/A;#N/A;#N/A;#N/A;#N/A;#N/A;License;;no technical license protection;;10;50;Fix rate;FALSE;;none;TRUE
;64;Production Maintenance (TCP/IP);;#N/A;#N/A;#N/A;#N/A;#N/A;#N/A;License;;no technical license protection;;10;50;Fix rate;FALSE;;none;TRUE
;65;Dongled Evaluation License (EB GUIDE);- Includes up to three seats, full featured dongle based evaluation licenses.;#N/A;#N/A;#N/A;#N/A;#N/A;#N/A;License;;no technical license protection;6400;10;50;Fix rate;FALSE;;none;TRUE
;66;Site License (EB GUIDE);"

- Basic development license";#N/A;#N/A;#N/A;#N/A;#N/A;#N/A;License;;no technical license protection;;10;50;Fix rate;FALSE;;none;TRUE
;67;Site License Maintenance (EB GUIDE);"

- Annual fee

- Fixing of errors reported by licensee.

- Minor version updates during 12 months (including new features)

- Command Server access";#N/A;#N/A;#N/A;#N/A;#N/A;#N/A;License;;no technical license protection;;10;50;Fix rate;FALSE;;none;TRUE
;68;0 to 100.000 units;;#N/A;#N/A;#N/A;#N/A;#N/A;#N/A;Product related service without profile;;no technical license protection;;10;;Calculated;FALSE;;none;TRUE
;69;100.001 to 200.000 units;;#N/A;#N/A;#N/A;#N/A;#N/A;#N/A;Product related service without profile;;no technical license protection;;10;;Calculated;FALSE;;none;TRUE
;70;200.001 to 500.000 units;;#N/A;#N/A;#N/A;#N/A;#N/A;#N/A;Product related service without profile;;no technical license protection;;10;;Calculated;FALSE;;none;TRUE
;71;500.001 to 1.000.000 units;;#N/A;#N/A;#N/A;#N/A;#N/A;#N/A;Product related service without profile;;no technical license protection;;10;;Calculated;FALSE;;none;TRUE
;72;more than 1.000.000 units;;#N/A;#N/A;#N/A;#N/A;#N/A;#N/A;Product related service without profile;;no technical license protection;;10;;Calculated;FALSE;;none;TRUE
;73;more than 250.000;;#N/A;#N/A;#N/A;#N/A;#N/A;#N/A;Product related service without profile;;no technical license protection;;10;;Calculated;FALSE;;none;TRUE
;74;Node Locked License, Run-time (EB Assist ADTF);#NAME?;#N/A;#N/A;#N/A;#N/A;#N/A;#N/A;License;;ADTF Node-Locked License File;6400;10;;Calculated;TRUE;;UpdateRightByConfiguration;TRUE
;75;Node Locked License, Developer (EB Assist ADTF);"- Perpetual DEVELOPMENT LICENSE per seat;

-Includes free UPDATES to new product versions within the same primary version number for the first year.

-Includes 10h 1st Level Support

-Includes all standard toolboxes";#N/A;#N/A;#N/A;#N/A;#N/A;#N/A;License;;ADTF Node-Locked License File;6400;10;;Calculated;TRUE;10;UpdateRightByConfiguration;TRUE
;76;Node Locked License 10 User;"

- Perpetual DEVELOPMENT LICENSE per seat:

- Includes free UPDATES to new product versions within the same primary version number for the first year.

- Includes 10 h support for the first year.";#N/A;#N/A;#N/A;#N/A;#N/A;#N/A;License;;no technical license protection;;10;50;Fix rate;FALSE;;none;TRUE
;77;Node Locked License 20 User;"

- Perpetual DEVELOPMENT LICENSE per seat;

- Includes free UPDATES to new product versions within the same primary version number for the first year.

- Includes 10 h support for the first year.";#N/A;#N/A;#N/A;#N/A;#N/A;#N/A;License;;no technical license protection;;10;50;Fix rate;FALSE;;none;TRUE
;78;Node Locked License, Development, 3 months (EB Assist ADTF);"- Per seat

- Includes free UPDATES to new product versions within the same primary version number

- Includes 3h support";#N/A;#N/A;#N/A;#N/A;#N/A;#N/A;License;;ADTF Node-Locked License File;6400;10;;Calculated;FALSE;3;UpdateRightByConfiguration;TRUE
;79;Floating License, Developer (EB Assist ADTF);"- Perpetual DEVELOPMENT LICENSE per seat

- Includes free UPDATES to new product versions within the same primary version number for the first year

- Includes 10h 1st Level Support

- Includes all standard toolboxes";#N/A;#N/A;#N/A;#N/A;#N/A;#N/A;License;;ADTF Floating License File;6400;10;;Calculated;TRUE;10;UpdateRightByConfiguration;TRUE
;80;Floating License 10 Users;"

- Perpetual DEVELOPMENT LICENSE per seat;

- Includes free UPDATES to new product versions within the same primary version number for the first year. 

- Includes 10 h support for the first year.";#N/A;#N/A;#N/A;#N/A;#N/A;#N/A;License;;no technical license protection;;10;50;Fix rate;FALSE;;none;TRUE
;81;Node Locked License, Development, 6 months (EB Assist ADTF);"- Per seat

- Includes free UPDATES to new product versions within the same primary version number

- Includes 5h support";#N/A;#N/A;#N/A;#N/A;#N/A;#N/A;License;;no technical license protection;6400;10;;Calculated;FALSE;5;UpdateRightByConfiguration;TRUE
;82;Node Locked License, Development, 12 months (EB Assist ADTF);"- Per seat

- Includes free UPDATES to new product versions within the same primary version number

- Includes 10h support";#N/A;#N/A;#N/A;#N/A;#N/A;#N/A;License;;no technical license protection;6400;10;;Calculated;FALSE;10;UpdateRightByConfiguration;TRUE
;83;Node Locked License Maintenance Extension, Developer (EB Assist ADTF);"- Per seat

- Includes free UPDATES to new product versions within the same primary version number for 12 months

- Includes 10h 1st Level Support

- Includes all standard toolboxes";#N/A;#N/A;#N/A;#N/A;#N/A;#N/A;License;;no technical license protection;6400;10;;Calculated;TRUE;10;TotalAmountAsUpdateRight;TRUE
;84;Node Locked License 10 User - Maintenance;"

- Includes free UPDATES to new product versions within the same primary version number for the first year.

- Includes 10 h support for the first year.";#N/A;#N/A;#N/A;#N/A;#N/A;#N/A;License;;no technical license protection;;10;50;Fix rate;FALSE;;none;TRUE
;85;Support Package (EB Assist ADTF);- Elektrobit product-related support by phone or email. Quota valid for 12 months;#N/A;#N/A;#N/A;#N/A;#N/A;#N/A;Product related service without profile;;no technical license protection;6400;10;;Calculated;FALSE;10;none;TRUE
;86;University Project License;;#N/A;#N/A;#N/A;#N/A;#N/A;#N/A;License;;no technical license protection;;10;50;Fix rate;FALSE;;none;TRUE
;87;Platform Package;;#N/A;#N/A;#N/A;#N/A;#N/A;#N/A;License;;no technical license protection;;10;50;Fix rate;FALSE;;none;TRUE
;88;Domain License;"The product is used for production projects restricted to one application domain. We recognize the following application domains:

a. Body and Comfort

b. Powertrain

c. Chassis

d. Occupants and Passenger Safety

e. Multimedia, Telematics and Human-Machine Interface

Typical use case for this license is to develop and produce ECUs for one application domain for different vehicles.

Production: yes; µC: family; Number of projects: unlimited; Duration:perpetual";#N/A;#N/A;#N/A;#N/A;#N/A;#N/A;License;;no technical license protection;;10;50;Fix rate;FALSE;;none;TRUE
;89;Domain License Maintenance (OsekCore);"Extended maintenance per additional year;";#N/A;#N/A;#N/A;#N/A;#N/A;#N/A;License;;no technical license protection;;10;50;Fix rate;FALSE;;none;TRUE
yes;90;Company License for Tier 1;"The CUSTOMER gets the right to use the license under the following condition:
a. The run-time software is used for one µC family and compiler version only.
- Including MAINTENANCE (as defined on page ""Definitions"")

Additionally, the restrictions according to the LICENSE PROFILE defined on page ""Scope of license"" apply.";perpetual;12 months;FINALIZED PURCHASE PROCESS + 2 weeks;One-time payment;With FINAL DELIVERY;Reproduction and Distribution License;License;;no technical license protection;6400;10;50;Fix rate;TRUE;;UpdateRightByConfiguration;TRUE
;91;Company License Maintenance (OsekCore);Extended maintenance per additional year.;#N/A;#N/A;#N/A;#N/A;#N/A;#N/A;License;;no technical license protection;;10;50;Fix rate;FALSE;;none;TRUE
;92;Support for new Derivative/Compiler/Toolchain;Can not be ordered without project or product line license.;#N/A;#N/A;#N/A;#N/A;#N/A;#N/A;Product related service without profile;;no technical license protection;;10;;Calculated;FALSE;;none;TRUE
;93;Support for one Project;Configuration and setup support for a project (one day-support-included). To be offered mandatory with any type of license. Should be ordered with any type of License, Realization of a new project  - one day-support included;#N/A;#N/A;#N/A;#N/A;#N/A;#N/A;Product related service without profile;;no technical license protection;;10;;Calculated;FALSE;;none;TRUE
;94;Support of customer Watchdog and Power Supply Monitoring;Optional;#N/A;#N/A;#N/A;#N/A;#N/A;#N/A;Product related service without profile;;no technical license protection;6500;10;;Calculated;FALSE;;none;TRUE
;95;Redistribution;"The product is licensed for unrestricted use within and unrestricted redistribution by the purchaser's company. The IP remains solely at EB.

Typical use case: to allow semiconductor vendors or OEMs to buy the product and to directly distribute it to their customers or suppliers.

Production: yes; µC: family; Number of projects: unlimited; Duration: perpetual;";#N/A;#N/A;#N/A;#N/A;#N/A;#N/A;Product related service without profile;;no technical license protection;;10;;Calculated;FALSE;;none;TRUE
;96;Update;;#N/A;#N/A;#N/A;#N/A;#N/A;#N/A;Product related service without profile;;no technical license protection;;10;;Calculated;FALSE;;none;TRUE
yes;97;Package;;n/a;n/a;In mutual alignment with the project;One-time payment;With FINAL DELIVERY;n/a;Product related service without profile;;no technical license protection;6500;10;;Calculated;FALSE;;none;TRUE
;98;License Shift without any EB tresos AutoCore Project AddOns for BMW;;#N/A;#N/A;#N/A;#N/A;#N/A;#N/A;License;;no technical license protection;;10;50;Fix rate;FALSE;;none;TRUE
;99;Dongled License Support & Maintenance (EB MAid);"Extension of software upgrades, updates and patch releases for one year.



Maintenance contract: Includes maintenance and support of the currently implemented methods, algorithms and specifications. 

This position does NOT contain efforts caused due to changes in methods, algorithms and specifications e.g., by customer specification changes, or new features. These changes have to be quoted separately.";#N/A;#N/A;#N/A;#N/A;#N/A;#N/A;License;;no technical license protection;;10;50;Fix rate;FALSE;;none;TRUE
;100;Dongled License (EB MAid);Perpetual, full-featured license. Includes one year patch releases.;#N/A;#N/A;#N/A;#N/A;#N/A;#N/A;License;;no technical license protection;;10;50;Fix rate;FALSE;;none;TRUE
;101;BMW Modules Update;"Update of a delivery of EB tresos AutoCore Generic for BMW with a newer version of BMW modules:

- Plug-in Creation/Integration into EB tresos Studio and 

- Compile tests of BMW modules



The updated modules can be downloaded from EB command to be integrated into an existing project.";#N/A;#N/A;#N/A;#N/A;#N/A;#N/A;Product related service without profile;;no technical license protection;;10;;Calculated;FALSE;;none;TRUE
;102;MCAL Modules Update;"Update with a newer version of MCALs:

- Plugin Creation/Integration into EB tresos Studio and 

- Compile tests of updated MCAL modules



The updated modules can be downloaded from EB command to be integrated into an existing project.";#N/A;#N/A;#N/A;#N/A;#N/A;#N/A;Product related service without profile;;no technical license protection;;10;;Calculated;FALSE;;none;TRUE
;103;AutoCore Generic Update;;#N/A;#N/A;#N/A;#N/A;#N/A;#N/A;Product related service without profile;;no technical license protection;;10;;Calculated;FALSE;;none;TRUE
;104;Compiler Version Update;Re-qualification with other compiler variant, version, options etc.;#N/A;#N/A;#N/A;#N/A;#N/A;#N/A;Integration Package;;no technical license protection;;10;50;Fix rate;FALSE;;none;TRUE
;105;License Shift with EB tresos AutoCore Reference Application for BMW;;#N/A;#N/A;#N/A;#N/A;#N/A;#N/A;License;;no technical license protection;;10;50;Fix rate;FALSE;;none;TRUE
;106;EB tresos AutoCore Bootloader Updater for BMW (CAN);"The Reference Bootloader Updater can be used to update the Bootloader of an ECU by using diagnostic communication. It integrates all Bootloader update relevant BMW specific system functionalities. The Reference Bootloader Updater is already pre-configured to update the EB tresos AutoCore Bootloader for BMW (CAN).



PLEASE NOTE: This article requires an EB tresos AutoCore Bootloader for BMW (CAN).";#N/A;#N/A;#N/A;#N/A;#N/A;#N/A;License;;no technical license protection;;10;50;Fix rate;FALSE;;none;TRUE
yes;107;Product Line License;"The CUSTOMER gets the right to use the license under the following condition:
a. The run-time software is developed for one CUSTOMER PRODUCT only.
b. The run-time software is used for one µC family and compiler version only.
- Including MAINTENANCE (as defined on page ""Definitions"")

Additionally, the restrictions according to the LICENSE PROFILE defined on page ""Scope of license"" apply.";perpetual;12 months;FINALIZED PURCHASE PROCESS + 2 weeks;One-time payment;With FINAL DELIVERY;Reproduction and Distribution License;License;;no technical license protection;6400;10;50;Fix rate;TRUE;;UpdateRightByConfiguration;TRUE
;108;Development Maintenance (MCAL);"- Valid for one year;

- MCAL module update as delivered from MCAL vendor.";#N/A;#N/A;#N/A;#N/A;#N/A;#N/A;License;0;no technical license protection;;10;50;Fix rate;FALSE;;none;TRUE
;109;Node Locked License (EB tresos Flashbuilder);"- Connection to MAC-Address;";#N/A;#N/A;#N/A;#N/A;#N/A;#N/A;License;;no technical license protection;;10;50;Fix rate;FALSE;;none;TRUE
;110;Floating License (EB tresos Flashbuilder);"- Connection to FlexLM server;";#N/A;#N/A;#N/A;#N/A;#N/A;#N/A;License;;no technical license protection;;10;50;Fix rate;FALSE;;none;TRUE
;111;Compression (LZSS);;#N/A;#N/A;#N/A;#N/A;#N/A;#N/A;Product related service without profile;;no technical license protection;;10;;Calculated;FALSE;;none;TRUE
;112;Partial Programming;;#N/A;#N/A;#N/A;#N/A;#N/A;#N/A;License;;no technical license protection;;10;50;Fix rate;FALSE;;none;TRUE
;113;Node Locked License Maintenance - support not included (EB tresos Flashbuilder);"

- For version 2.x,

- Per license.";#N/A;#N/A;#N/A;#N/A;#N/A;#N/A;License;;no technical license protection;;10;50;Fix rate;FALSE;;none;TRUE
;114;Node Locked License Maintenance  - support included  (EB tresos Flashbuilder);"

- For version 2.x,

- Unlimited support by phone and e-mail included,

- Per license.";#N/A;#N/A;#N/A;#N/A;#N/A;#N/A;License;;no technical license protection;;10;50;Fix rate;FALSE;;none;TRUE
;115;Floating License Maintenance - support not included (EB  tresos Flashbuilder);"

- Version 2.x";#N/A;#N/A;#N/A;#N/A;#N/A;#N/A;License;;no technical license protection;;10;50;Fix rate;FALSE;;none;TRUE
;116;Floating License Maintenance - support included (EB tresos Flashbuilder);"

- Version 2.x

- Unlimited support by phone and e-mail included.";#N/A;#N/A;#N/A;#N/A;#N/A;#N/A;License;;no technical license protection;;10;50;Fix rate;FALSE;;none;TRUE
;117;EB tresos AutoCore Reference Application for BMW (CAN);"The Reference Application is the ideal basis to start developing an ECU in a BMW series project.

It includes a preconfigured Autosar stack according to the BMW specific communication matrix for CAN (based on a dbc import), a reference implementation of mandatory BMW diagnostic services and BMW specific system functionalities; integrated and tested according to the BMW-specific software tests, integration tests and ECU acceptance tests.



PLEASE NOTE: This article requires an EB tresos AutoCore Generic for BMW (CAN).";#N/A;#N/A;#N/A;#N/A;#N/A;#N/A;Product related service without profile;;no technical license protection;;10;;Calculated;FALSE;;none;TRUE
;118;Developer License for Compression Toolbox (EB Assist ADTF);"

- Per License.";#N/A;#N/A;#N/A;#N/A;#N/A;#N/A;License;;no technical license protection;;10;50;Fix rate;FALSE;;none;TRUE
;119;Training (EB GUIDE 5);;#N/A;#N/A;#N/A;#N/A;#N/A;#N/A;Training;;no technical license protection;6400;10;;Calculated;FALSE;;none;TRUE
;120;Dongled License Maintenance (EB tresos Studio);Extension of software updates an patch releases for one year.;#N/A;#N/A;#N/A;#N/A;#N/A;#N/A;License;;no technical license protection;;10;50;Fix rate;FALSE;;none;TRUE
;121;Floating License Maintenance (EB tresos Studio);Extension of software updates an patch releases for one year and one seat.;#N/A;#N/A;#N/A;#N/A;#N/A;#N/A;License;;no technical license protection;;10;50;Fix rate;FALSE;;none;TRUE
;122;Production Maintenance for Dongled License (EB tresos Studio);Inquire for a production maintenance package together with EB tresos AutoCore.;#N/A;#N/A;#N/A;#N/A;#N/A;#N/A;License;;no technical license protection;;10;50;Fix rate;FALSE;;none;TRUE
;123;Production Maintenance for Floating License (EB tresos Studio);Inquire for a production maintenance package together with EB tresos AutoCore.;#N/A;#N/A;#N/A;#N/A;#N/A;#N/A;License;;no technical license protection;;10;50;Fix rate;FALSE;;none;TRUE
;124;Production Maintenance (AutoCore);"Support after S.O.P; 

This includes:   

- Reports of known problems

- Behavior observation 

- Support of product specific problem analysis

- Patch deliveries



For further details please refer to: PD_EB_tresos_Maintenance_and_Support_Annex.pdf";#N/A;#N/A;#N/A;#N/A;#N/A;#N/A;License;;no technical license protection;;10;50;Fix rate;FALSE;;none;TRUE
;125;Prodution Line Development License (AutoCore);;#N/A;#N/A;#N/A;#N/A;#N/A;#N/A;License;;no technical license protection;;10;50;Fix rate;FALSE;;none;TRUE
;126;Bundle - Project License;;#N/A;#N/A;#N/A;#N/A;#N/A;#N/A;License;;no technical license protection;;10;50;Fix rate;FALSE;;none;TRUE
;127;Interoperability tests EB tresos AutoCore Generic with SLP10 COM Stack;;#N/A;#N/A;#N/A;#N/A;#N/A;#N/A;License;;no technical license protection;;10;50;Fix rate;FALSE;;none;TRUE
;128;License Shift with EB tresos AutoCore Bootloader for BMW;;#N/A;#N/A;#N/A;#N/A;#N/A;#N/A;License;;no technical license protection;;10;50;Fix rate;FALSE;;none;TRUE
;129;EB tresos AutoCore Reference Application for BMW (FlexRay);"The Reference Application is the ideal basis to start developing an ECU in a BMW series project.

It includes a preconfigured Autosar stack according to the BMW specific communication matrix for FlexRay (based on a FIBEX import), a reference implementation of mandatory BMW diagnostic services and BMW specific system functionalities; integrated and tested according to the BMW-specific software tests, integration tests and ECU acceptance tests.



PLEASE NOTE: This article requires an EB tresos AutoCore Generic for BMW (FlexRay).";#N/A;#N/A;#N/A;#N/A;#N/A;#N/A;Product related service without profile;;no technical license protection;;10;;Calculated;FALSE;;none;TRUE
;130;EB tresos AutoCore Bootloader for BMW (FlexRay);The Reference Bootloader can be used to update the Application of an ECU by using diagnostic communication. It integrates all bootloading relevant BMW specific system functionalities. The Reference Bootloader / BootManager is already pre-configured to update the EB tresos AutoCore Reference Application for BMW (FlexRay).;#N/A;#N/A;#N/A;#N/A;#N/A;#N/A;License;;no technical license protection;;10;50;Fix rate;FALSE;;none;TRUE
;131;EB tresos AutoCore Bootloader Updater for BMW (FlexRay);"The Reference Bootloader Updater can be used to update the Bootloader of an ECU by using diagnostic communication. It integrates all Bootloader update relevant BMW specific system functionalities. The Reference Bootloader Updater is already pre-configured to update the Reference Bootloader.



PLEASE NOTE: This article requires an EB tresos AutoCore Bootloader for BMW (FlexRay).";#N/A;#N/A;#N/A;#N/A;#N/A;#N/A;License;;no technical license protection;;10;50;Fix rate;FALSE;;none;TRUE
;132;Production Maintenance (MCAL);;#N/A;#N/A;#N/A;#N/A;#N/A;#N/A;License;;no technical license protection;;10;50;Fix rate;FALSE;;none;TRUE
;133;License Shift with EB tresos AutoCore Bootloader Updater for BMW;;#N/A;#N/A;#N/A;#N/A;#N/A;#N/A;License;;no technical license protection;;10;50;Fix rate;FALSE;;none;TRUE
;134;EB tresos AutoCore Reference Application for VAG/MQB (CAN);EB offers a VAG/MQB specific Reference Application. For details please inquire.;#N/A;#N/A;#N/A;#N/A;#N/A;#N/A;Product related service without profile;;no technical license protection;;10;;Calculated;FALSE;;none;TRUE
;135;Dongled License (limited);"Perpetual, limited-featured license.

Includes one year software updates and patch releases.";#N/A;#N/A;#N/A;#N/A;#N/A;#N/A;License;;FlexNet Publisher Dongle License File;6400;10;50;Fix rate;TRUE;;UpdateRightByConfiguration;TRUE
yes;136;Dongled License via Elektrobit Hardware (BM);- Embedded software for ELEKTROBIT HARDWARE (as defined in Elektrobit T&C);perpetual;n/a;Based on hardware delivery;One-time payment;With FINAL DELIVERY;Software integrated in Hardware;License;;EB Hardware License File;6400;10;50;Fix rate;TRUE;;none;TRUE
yes;137;Hardware & Software;"- ELEKTROBIT HARDWARE device
- Embedded software for ELEKTROBIT HARDWARE (as defined in Elektrobit T&C)
- Specification defined in section ""Products and services""
- Including MAINTENANCE (as defined on page ""Definitions"")";perpetual;12 months;FINALIZED PURCHASE PROCESS + 16 weeks;One-time payment;With FINAL DELIVERY;Software integrated in Hardware;Hardware;;no technical license protection;6400;10;;Calculated;TRUE;;UpdateRightByConfiguration;TRUE
;138;Support & Maintenance;Extension of Busmirror Run-time updates and patch releases for one year.;#N/A;#N/A;#N/A;#N/A;#N/A;#N/A;License;;no technical license protection;;10;50;Fix rate;FALSE;;none;TRUE
;139;Additional Engineering Service - Rte Partitioning;"Project specific verification of generated  RTE Code to enable the use of RTE code in ASIL software components.  

Requires the product EB tresos AutoCore Rte Partitioning.";#N/A;#N/A;#N/A;#N/A;#N/A;#N/A;Product related service without profile;;no technical license protection;;10;;Calculated;FALSE;;none;TRUE
;140;Integrating EB tresos AutoCore into EB tresos Safety Os;Integration services to integration EB tresos Safety OS with EB tresos AutoCore versions or OEM-specific stacks.;#N/A;#N/A;#N/A;#N/A;#N/A;#N/A;License;;no technical license protection;;10;50;Fix rate;FALSE;;none;TRUE
;141;Configuration services for safety-related Autosar projects;;#N/A;#N/A;#N/A;#N/A;#N/A;#N/A;Integration Package;;no technical license protection;;10;50;Fix rate;FALSE;;none;TRUE
;142;Development Maintenance (Os) Project License;"Support before S.O.P;

- Valid for one year.

- Customer get access to EB product support team and known problems will be reported.  

- Updates, e.g. patches and service releases.



For further details please refer to PD_EB_tresos_Maintenance_and_Support_Annex.pdf";#N/A;#N/A;#N/A;#N/A;#N/A;#N/A;License;;no technical license protection;;10;50;Fix rate;FALSE;;none;TRUE
;143;EB tresos AutoCore Reference Application for VAG/MLBevo (CAN);"

EB offers a VAG/MLBevo specific Reference Application. For details please inquire.";#N/A;#N/A;#N/A;#N/A;#N/A;#N/A;Product related service without profile;;no technical license protection;;10;;Calculated;FALSE;;none;TRUE
;144;EB tresos AutoCore Reference Application for VAG/MLBevo (FlexRay);EB offers a VAG/MLBevo specific Reference Application. For details please inquire.;#N/A;#N/A;#N/A;#N/A;#N/A;#N/A;Product related service without profile;;no technical license protection;;10;;Calculated;FALSE;;none;TRUE
;145;EB tresos AutoCore Reference Application for Daimler/ASR3.1 (FlexRay);EB offers a Daimler/ASR3.1 specific Reference Application. For details please inquire.;#N/A;#N/A;#N/A;#N/A;#N/A;#N/A;Product related service without profile;;no technical license protection;;10;;Calculated;FALSE;;none;TRUE
;146;EB tresos AutoCore Reference Application for Daimler/ASR3.1 (CAN);EB offers a Daimler/ASR3.1 specific Reference Application. For details please inquire.;#N/A;#N/A;#N/A;#N/A;#N/A;#N/A;Product related service without profile;;no technical license protection;;10;;Calculated;FALSE;;none;TRUE
;147;Training (EB Assist ADTF 2);;#N/A;#N/A;#N/A;#N/A;#N/A;#N/A;Training;;no technical license protection;6400;10;;Calculated;FALSE;;none;TRUE
;148;Support Package (EB GUIDE);;#N/A;#N/A;#N/A;#N/A;#N/A;#N/A;Product related service without profile;;no technical license protection;6400;10;;Calculated;FALSE;10;none;TRUE
;149;EB TOOL LICENSE SUBSCRIPTION;"- Commercial License 

- valid for 12 months and 1 seat

- Includes EB GUIDE 6 Studio Enterprise License";#N/A;#N/A;#N/A;#N/A;#N/A;#N/A;License;;no technical license protection;6400;10;50;Fix rate;FALSE;;none;TRUE
;150;Run-time License (EB GUIDE STF);;#N/A;#N/A;#N/A;#N/A;#N/A;#N/A;License;;no technical license protection;6400;10;50;Fix rate;FALSE;;none;TRUE
;151;Run-time License (EB GUIDE GTF);;#N/A;#N/A;#N/A;#N/A;#N/A;#N/A;License;;no technical license protection;6400;10;50;Fix rate;FALSE;;none;TRUE
;152;EB TOOLING DEVELOPMENT LICENSE CUSTOM;;#N/A;#N/A;#N/A;#N/A;#N/A;#N/A;License;;no technical license protection;6400;10;50;Fix rate;TRUE;100;UpdateRightByConfiguration;TRUE
;153;Training (EB GUIDE 6);;#N/A;#N/A;#N/A;#N/A;#N/A;#N/A;Training;;no technical license protection;6400;10;;Calculated;FALSE;;none;TRUE
;154;Support Package (EB GUIDE 6);;#N/A;#N/A;#N/A;#N/A;#N/A;#N/A;Product related service without profile;;no technical license protection;6400;10;;Calculated;FALSE;10;none;TRUE
;155;EB TOOLING DEVELOPMENT LICENSE SPEECH;;#N/A;#N/A;#N/A;#N/A;#N/A;#N/A;License;;no technical license protection;6400;10;50;Fix rate;FALSE;;UpdateRightByConfiguration;TRUE
;156;Node Locked License (EB robinos Provider ADASISv2 for EB Assist ADTF);"- Perpetual LICENSE per seat

- Includes free UPDATES to new product versions within the same primary version number for 12 months";#N/A;#N/A;#N/A;#N/A;#N/A;#N/A;License;;no technical license protection;6400;10;50;Fix rate;TRUE;3;UpdateRightByConfiguration;TRUE
;157;Node Locked License, Developer (EB Assist ADTF Toolboxes);"-Perpetual TOOLBOX DEVELOPER LICENSE per seat

-Includes free UPDATES to new product versions within the same primary version number for the first year

-Applies to ADTF 2 - Calibration Toolbox or ADTF 2 – ML/SL Toolbox";#N/A;#N/A;#N/A;#N/A;#N/A;#N/A;License;;no technical license protection;6400;10;;Calculated;TRUE;;UpdateRightByConfiguration;TRUE
;158;Node Locked License Maintenance, Development (EB Assist Toolbox);#NAME?;#N/A;#N/A;#N/A;#N/A;#N/A;#N/A;License;;no technical license protection;6400;10;50;Fix rate;TRUE;;TotalAmountAsUpdateRight;TRUE
;159;Node Locked License Maintenance (EB robinos Provider ADASISv2 for EB Assist ADTF);"- Per seat

- Includes free UPDATES to new product versions within the same primary version number for 12 month";#N/A;#N/A;#N/A;#N/A;#N/A;#N/A;License;;no technical license protection;6400;10;50;Fix rate;TRUE;;TotalAmountAsUpdateRight;TRUE
;160;Dongled License (BM);Perpetual, full-featured license. Includes one year software upgrades, updates and patch releases.;#N/A;#N/A;#N/A;#N/A;#N/A;#N/A;License;;FlexNet Publisher Dongle License File;6400;10;50;Fix rate;TRUE;;UpdateRightByConfiguration;TRUE
;161;Dongled License Support & Maint. (BM);Extension of software upgrades, updates and patch releases for one year.;#N/A;#N/A;#N/A;#N/A;#N/A;#N/A;License;;FlexNet Publisher Dongle License File;6400;10;50;Fix rate;TRUE;;TotalAmountAsUpdateRight;TRUE
;162;Single-User License (BM);Perpetual, full-featured license. Includes one year software upgrades, updates and patch releases.;#N/A;#N/A;#N/A;#N/A;#N/A;#N/A;License;;FlexNet Publisher Application Activation Code;6400;10;50;Fix rate;TRUE;;UpdateRightByConfiguration;TRUE
;163;Single-User License Support & Maint. (BM);Extension of software upgrades, updates and patch releases for one year.;#N/A;#N/A;#N/A;#N/A;#N/A;#N/A;License;;FlexNet Publisher Application Activation Code;6400;10;50;Fix rate;TRUE;;TotalAmountAsUpdateRight;TRUE
;164;Evaluation License (BM);"The license is valid for the ordering company for the purpose of evaluating Elektrobit’s (EB) software in terms of usability, included features and applicability.

EB recognizes correct use, if the evaluation license agreement is filled out and signed by CUSTOMER and EB.";#N/A;#N/A;#N/A;#N/A;#N/A;#N/A;License;;FlexNet Publisher Application Activation Code;6400;10;50;Fix rate;FALSE;;none;TRUE
;165;Training (EB solys);;#N/A;#N/A;#N/A;#N/A;#N/A;#N/A;Training;;no technical license protection;6400;10;;Calculated;FALSE;;none;TRUE
;166;Consulting (EB solys);;#N/A;#N/A;#N/A;#N/A;#N/A;#N/A;Product related service without profile;;no technical license protection;6500;10;;Calculated;FALSE;;none;TRUE
;167;EB tresos AutoCore Reference Application for Daimler/ASR3.2 (FlexRay);EB offers a Daimler/ASR3.2 specific Reference Application. For details please inquire.;#N/A;#N/A;#N/A;#N/A;#N/A;#N/A;Product related service without profile;;no technical license protection;;10;;Calculated;FALSE;;none;TRUE
;168;EB tresos AutoCore Reference Application for Daimler/ASR3.2 (CAN);EB offers a Daimler/ASR3.2 specific Reference Application. For details please inquire.;#N/A;#N/A;#N/A;#N/A;#N/A;#N/A;Product related service without profile;;no technical license protection;;10;;Calculated;FALSE;;none;TRUE
;169;EB tresos AutoCore Reference Application for VAG/MQB (FlexRay);EB offers a VAG/MQB specific Reference Application. For details please inquire.;#N/A;#N/A;#N/A;#N/A;#N/A;#N/A;Product related service without profile;;no technical license protection;;10;;Calculated;FALSE;;none;TRUE
;170;MQB Modules Update;;#N/A;#N/A;#N/A;#N/A;#N/A;#N/A;Product related service without profile;;no technical license protection;;10;;Calculated;FALSE;;none;TRUE
;171;MLBevo Modules Update;;#N/A;#N/A;#N/A;#N/A;#N/A;#N/A;Product related service without profile;;no technical license protection;;10;;Calculated;FALSE;;none;TRUE
;172;Qualification of EB tresos AutoCore for Daimler;"Qualification of EB tresos AutoCore for Daimler with a specific compiler on the target hardware derivate.

The qualification includes:

- Module tests of all EB tresos AutoCore Generic modules  + EB tresos AutoCore OS 

- Integration tests of EB tresos AutoCore Generic modules + EB tresos AutoCore OS 

- Use case tests of EB tresos AutoCore Generic modules + EB tresos AutoCore OS + MCAL modules

EB provides a weekly report of the known issues of EB tresos AutoCore Generic modules and EB tresos AutoCore OS for a qualified delivery.



This qualification of EB tresos AutoCore for Daimler can be ordered on demand, e.g. after an update of MCAL modules.



A mass production approval for a delivery can only be given if the latest delivery of EB tresos AutoCore for Daimler has been qualified.";#N/A;#N/A;#N/A;#N/A;#N/A;#N/A;Qualification Package;;no technical license protection;;10;50;Fix rate;FALSE;;none;TRUE
;173;EB tresos AutoCore Bootloader for VAG/MQB (CAN);The Reference Bootloader can be used to update the Application of an ECU by using diagnostic communication via CAN.;#N/A;#N/A;#N/A;#N/A;#N/A;#N/A;License;;no technical license protection;;10;50;Fix rate;FALSE;;none;TRUE
;174;EB tresos AutoCore Bootloader for VAG/MQB (FlexRay);The Reference Bootloader can be used to update the Application of an ECU by using diagnostic communication via FlexRay.;#N/A;#N/A;#N/A;#N/A;#N/A;#N/A;License;;no technical license protection;;10;50;Fix rate;FALSE;;none;TRUE
;175;EB tresos AutoCore Reference Application;;#N/A;#N/A;#N/A;#N/A;#N/A;#N/A;Product related service without profile;;no technical license protection;;10;;Calculated;FALSE;;none;TRUE
;176;Node Locked License Development (EB Assist ADTF 2 Toolbox);#NAME?;#N/A;#N/A;#N/A;#N/A;#N/A;#N/A;License;;ADTF Node-Locked License File;6400;10;;Calculated;TRUE;;UpdateRightByConfiguration;TRUE
;177;Qualification of EB tresos AutoCore;"Qualification of EB tresos AutoCore with a specific compiler on the target hardware derivate.

The qualification includes:

- Module tests of all EB tresos AutoCore Generic modules + EB tresos AutoCore OS 

- Integration tests of EB tresos AutoCore Generic modules + EB tresos AutoCore OS 

- Use case tests of EB tresos AutoCore Generic modules + EB tresos AutoCore OS + MCAL modules

EB provides a weekly report of the known issues of EB tresos AutoCore Generic modules and EB tresos AutoCore OS for a qualified delivery.



This qualification of EB tresos AutoCore can be ordered on demand, e.g. after an update of MCAL modules.



A mass production approval for a delivery can only be given if the latest delivery of EB tresos AutoCore has been qualified.";#N/A;#N/A;#N/A;#N/A;#N/A;#N/A;Qualification Package;;no technical license protection;;10;50;Fix rate;FALSE;;none;TRUE
;178;Qualification of EB tresos AutoCore for BMW;"Qualification of EB tresos AutoCore for BMW with a specific compiler on the target hardware derivate.

The qualification includes:

- Module tests of all EB tresos AutoCore Generic modules  + EB tresos AutoCore OS 

- Integration tests of EB tresos AutoCore Generic modules + EB tresos AutoCore OS 

- Use case tests of EB tresos AutoCore Generic modules + EB tresos AutoCore OS + MCAL modules

EB provides a weekly report of the known issues of EB tresos AutoCore Generic modules and EB tresos AutoCore OS for a qualified delivery.



This qualification of EB tresos AutoCore for BMW can be ordered on demand, e.g. after an update of MCAL modules.



A mass production approval for a delivery can only be given if the latest delivery of EB tresos AutoCore for BMW has been qualified.";#N/A;#N/A;#N/A;#N/A;#N/A;#N/A;Qualification Package;;no technical license protection;;10;50;Fix rate;FALSE;;none;TRUE
;179;Qualification of EB tresos AutoCore Reference Projects for BMW (CAN or FlexRay);"Qualification of EB tresos AutoCore Reference Projects for one communication bus (CAN or FlexRay).

This qualification includes the reconfiguration of 

- EB tresos AutoCore Reference Application for BMW

- EB tresos AutoCore Bootloader for BMW

- EB tresos AutoCore Bootloader Updater for BMW with updated modules and performing the

- BAC SW Tests with a specific compiler on the target hardware derivate.



This qualification of EB tresos AutoCore Reference Projects for BMW can be ordered on demand, e.g. after an update of BMW modules or MCAL modules.



PLEASE NOTE: In case of an update of MCAL modules,  first a qualification of the EB tresos AutoCore for BMW is required before a qualification of EB tresos AutoCore Reference Projects can be performed.";#N/A;#N/A;#N/A;#N/A;#N/A;#N/A;Qualification Package;;no technical license protection;;10;50;Fix rate;FALSE;;none;TRUE
;180;Qualfication with BMW ECU Acceptance Tests;"Qualification with BMW ECU Acceptance Tests in addition to a qualification of EB tresos AutoCore Reference Projects for BMW.



These BMW ECU acceptance tests are run by BMW with each delivery from the Tier1.

To run these tests before the delivery to BMW can help to significantly reduce problems.";#N/A;#N/A;#N/A;#N/A;#N/A;#N/A;Qualification Package;;no technical license protection;;10;50;Fix rate;FALSE;;none;TRUE
;181;Qualification of EB tresos AutoCore for VAG/MQB;"Qualification of EB tresos AutoCore for VAG/MQB with a specific compiler on the target hardware derivate.

The qualification includes:

- Module tests of all EB tresos AutoCore Generic modules + EB tresos AutoCore OS 

- Integration tests of EB tresos AutoCore Generic modules + EB tresos AutoCore OS 

- Use case tests of EB tresos AutoCore Generic modules + EB tresos AutoCore OS + MCAL modules

EB provides a weekly report of the known issues of EB tresos AutoCore Generic modules and EB tresos AutoCore OS for a qualified delivery.



This qualification of EB tresos AutoCore for VAG/MQB can be ordered on demand, e.g. after an update of MCAL modules.



A mass production approval for a delivery can only be given if the latest delivery of EB tresos AutoCore for VAG/MQB has been qualified.";#N/A;#N/A;#N/A;#N/A;#N/A;#N/A;Qualification Package;;no technical license protection;;10;50;Fix rate;FALSE;;none;TRUE
;182;Qualification of Dcm and Dem Wrapper Modules;;#N/A;#N/A;#N/A;#N/A;#N/A;#N/A;Qualification Package;;no technical license protection;;10;50;Fix rate;FALSE;;none;TRUE
;183;Qualification of KS;;#N/A;#N/A;#N/A;#N/A;#N/A;#N/A;Qualification Package;;no technical license protection;;10;50;Fix rate;FALSE;;none;TRUE
;184;Qualification of new Generic Bootloader for VAG/MQB (CAN or FlexRay);;#N/A;#N/A;#N/A;#N/A;#N/A;#N/A;Qualification Package;;no technical license protection;;10;50;Fix rate;FALSE;;none;TRUE
;185;Qualification EB tresos AutoCore Bootloader for VAG/MQB (CAN or FlexRay) with updated MCAL;;#N/A;#N/A;#N/A;#N/A;#N/A;#N/A;Qualification Package;;no technical license protection;;10;50;Fix rate;FALSE;;none;TRUE
;186;Qualification of EB tresos AutoCore for VAG/MLBevo with updated MCAL;;#N/A;#N/A;#N/A;#N/A;#N/A;#N/A;Qualification Package;;no technical license protection;;10;50;Fix rate;FALSE;;none;TRUE
;187;Interoperability tests of EB tresos AutoCore with MLBevo COM Stack;;#N/A;#N/A;#N/A;#N/A;#N/A;#N/A;Product related service without profile;;no technical license protection;;10;;Calculated;FALSE;;none;TRUE
;188;Qualification of new Generic Bootloader for VAG/MLBevo  (CAN or FlexRay);;#N/A;#N/A;#N/A;#N/A;#N/A;#N/A;Qualification Package;;no technical license protection;;10;50;Fix rate;FALSE;;none;TRUE
;189;Qualification of EB tresos AutoCore Bootloader for VAG/MLBevo  (CAN or FlexRay) with updated MCAL;;#N/A;#N/A;#N/A;#N/A;#N/A;#N/A;Qualification Package;;no technical license protection;;10;50;Fix rate;FALSE;;none;TRUE
;190;EB tresos AutoCore Bootloader for VAG/MLBevo (CAN);;#N/A;#N/A;#N/A;#N/A;#N/A;#N/A;License;;no technical license protection;;10;50;Fix rate;FALSE;;none;TRUE
;191;EB tresos AutoCore Bootloader for VAG/MLBevo (FlexRay);;#N/A;#N/A;#N/A;#N/A;#N/A;#N/A;License;;no technical license protection;;10;50;Fix rate;FALSE;;none;TRUE
;192;EB tresos AutoCore Bootloader for Daimler (CAN);;#N/A;#N/A;#N/A;#N/A;#N/A;#N/A;License;;no technical license protection;;10;50;Fix rate;FALSE;;none;TRUE
;193;EB tresos AutoCore Bootloader for Daimler (FlexRay);;#N/A;#N/A;#N/A;#N/A;#N/A;#N/A;License;;no technical license protection;;10;50;Fix rate;FALSE;;none;TRUE
;194;MCAL Modules Update (excluding MLBevo parts);"Update with a newer version of MCALs:

- Plugin Creation/Integration into EB tresos Studio and 

- Compile tests of updated MCAL modules



The updated modules can be downloaded from EB command to be integrated into an existing project.";#N/A;#N/A;#N/A;#N/A;#N/A;#N/A;Product related service without profile;;no technical license protection;;10;;Calculated;FALSE;;none;TRUE
;195;Production License (EB GUIDE);;#N/A;#N/A;#N/A;#N/A;#N/A;#N/A;License;;no technical license protection;;10;50;Fix rate;FALSE;;none;TRUE
;196;Warranty Extension;;#N/A;#N/A;#N/A;#N/A;#N/A;#N/A;Product related service without profile;;no technical license protection;;10;;Calculated;FALSE;;none;TRUE
;197;Development Maintenance (Os) Product Line License;"Support before S.O.P;

- Valid for one year.

- Customer get access to EB product support team and known problems will be reported.  

- Updates, e.g. patches and service releases.



For further details please refer to PD_EB_tresos_Maintenance_and_Support_Annex.pdf";#N/A;#N/A;#N/A;#N/A;#N/A;#N/A;License;;no technical license protection;;10;50;Fix rate;FALSE;;none;TRUE
;198;Production Maintenance (OS);"Support after S.O.P; 

This includes:   

- Reports of known problems

- Behavior observation 

- Support of product specific problem analysis

- Patch deliveries



For further details please refer to: PD_EB_tresos_Maintenance_and_Support_Annex.pdf";#N/A;#N/A;#N/A;#N/A;#N/A;#N/A;License;;no technical license protection;;10;50;Fix rate;FALSE;;none;TRUE
;199;Safety Concept License;"- The product can be used for the development of ECU run-time software, which is

not used for production prototypes (aka C-samples) or production of end-consumer

products.

- Typical use cases: to develop prototyping or demonstrator systems for the

purpose of acquiring customers or to proof technical concepts.

- Please inquire for availability. Concept Licenses are available for selected μC

derivatives only.

- Production: no; μC: one target derivative, compiler and set of compiler options;

Number of projects: unlimited; Duration: one year

- The Safety Concept License does not include a Safety Manual and a Safety Statement from EB which are necessary to use the software in functional safety related projects.";#N/A;#N/A;#N/A;#N/A;#N/A;#N/A;License;;no technical license protection;;10;50;Fix rate;FALSE;;none;TRUE
;200;Safety Project License;"- The product is used for production projects restricted to one ECU project. We

recognize correct use, if all of the following conditions are met:

a. The run-time software is developed for one ECU, only.

b. The ECU is used for one car platform of one OEM brand, only.

- Typical use case: to develop and produce one ECU for one vehicle platform.

- Please inquire for availability. Project Licenses are available for selected μC

derivatives only.

- Production: yes; μC: one target derivative, compiler and set of compiler options;

Number of projects: one; Duration: perpetual;

- Includes one year Safety Life Cycle Project Maintenance.

- EB recommends an ongoing Safety Life Cycle Project Maintenance contract for the time period the licensed software is in use.";#N/A;#N/A;#N/A;#N/A;#N/A;#N/A;License;;no technical license protection;;10;50;Fix rate;FALSE;;none;TRUE
;201;Safety Product-Line License;"- The product is used for production projects restricted to one product line of ECUs.

We recognize correct use, if the following conditions are all met:

a. The ECUs of one product line carry out the same basic control functionality.

b. Variations of the control functionalities only reflect the differences of the car

platform, for which they are build.

c. Variations of the control functionalities are implemented in the ECU software by

calibration parameters, calibration tables, pre-compile or pre-build software

configuration, only.

- Typical use case: to develop and produce one line of ECUs with alike control

functionality for different vehicles.

Production: yes; μC: one target, derivate, compiler and set of compiler options;

Number of projects: unlimited, different OEMs possible; Duration: perpetual;

- Includes one year Safety Life Cylce Product-Line Maintenance.

- EB recommends an ongoing Safety Life Cycle Product-Line

Maintenance contract for the time period the licensed software is in use.";#N/A;#N/A;#N/A;#N/A;#N/A;#N/A;License;;no technical license protection;;10;50;Fix rate;FALSE;;none;TRUE
;202;Safety Life Cycle Project Maintenance;"- Life cycle: Time period the licensed software is in use.

- Customer gets access to EB product support team and known problems will be reported

- Updates, e.g. patches and services releases



For further details please refer to PD_EB_tresos_Maintenance_and_Support_Annex.pdf";#N/A;#N/A;#N/A;#N/A;#N/A;#N/A;License;;no technical license protection;;10;50;Fix rate;FALSE;;none;TRUE
;203;Safety Life Cycle Product-Line Maintenance;"- Life cycle: Time period the licensed software is in use.

- Customer gets access to EB product support team and known problems will be reported

- Updates, e.g. patches and services releases



For further details please refer to PD_EB_tresos_Maintenance_and_Support_Annex.pdf";#N/A;#N/A;#N/A;#N/A;#N/A;#N/A;License;;no technical license protection;;10;50;Fix rate;FALSE;;none;TRUE
;204;Freescale A-Sample License;"Discounted license with provisions only for development work. Production deployment of Software using this license is prohibited. The Freescale A-sample License has a two year term. For a subsequent purchase of a Freescale Project License or Freescale Product Line License the cost of the Freescale A-sample License originally purchased will apply to the list of the production use license. 

one year support and maintenance is included.";#N/A;#N/A;#N/A;#N/A;#N/A;#N/A;License;;no technical license protection;;10;50;Fix rate;FALSE;;none;TRUE
;205;Freescale A-Sample License Support;Support includes delivery of Freescale Software updates to new releases of the same major version number on availability. Support fees will be invoiced in advance for a period of twelve months per customer. Under a maintenance contract upgrades to new major versions are available at a 40% discount.;#N/A;#N/A;#N/A;#N/A;#N/A;#N/A;License;;no technical license protection;;10;50;Fix rate;FALSE;;none;TRUE
;206;Freescale Project License;"This is a production use license that applies to only Freescale MCUs.

- For use in one customer target project = one ECU for one OEM

- Unrestricted in time and production volume

- For initial delivery and maintenance a Freescale DISM Pack is required.";#N/A;#N/A;#N/A;#N/A;#N/A;#N/A;License;;no technical license protection;6400;10;50;Fix rate;TRUE;;none;TRUE
;207;Freescale Project License Support;Support includes delivery of Freescale Software updates to new releases of the same major version number on availability. Support fees will be invoiced in advance for a period of twelve months per customer. Under a maintenance contract upgrades to new major versions are available at a 40% discount.;#N/A;#N/A;#N/A;#N/A;#N/A;#N/A;License;;no technical license protection;;10;50;Fix rate;FALSE;;none;TRUE
;208;Freescale Product Line License;"This is a production use license that applies to only Freescale MCUs.

- For use with one MCU family in one customer product line

- Unrestricted in time and production volume

- For initial delivery and maintenance a Freescale DISM Pack is required.";#N/A;#N/A;#N/A;#N/A;#N/A;#N/A;License;;no technical license protection;6400;10;50;Fix rate;TRUE;;none;TRUE
;209;Freescale Product Line License Support;Support includes delivery of Freescale Software updates to new releases of the same major version number on availability. Support fees will be invoiced in advance for a period of twelve months per customer. Under a maintenance contract upgrades to new major versions are available at a 40% discount.;#N/A;#N/A;#N/A;#N/A;#N/A;#N/A;License;;no technical license protection;;10;50;Fix rate;FALSE;;none;TRUE
;210;Infineon Evaluation License (6 months);Evaluation license for 6 months for one project e.g. front body controller at one OEM.;#N/A;#N/A;#N/A;#N/A;#N/A;#N/A;License;;no technical license protection;6400;10;;Calculated;FALSE;;none;TRUE
;211;Infineon Evaluation License (1 year);Evaluation license for one year for one project e.g. front body controller at one OEM (this amount is credited when upgrading to a Development or Reproduction License). one year support and maintenance is included.;#N/A;#N/A;#N/A;#N/A;#N/A;#N/A;License;;no technical license protection;6400;10;50;Fix rate;FALSE;;none;TRUE
;212;Infineon Evaluation License Support;Support includes delivery of Updates of the INFINEON Software on availability. Support is limited to 15 hours per year. Support fees will be invoiced in advance for a period of twelve months per customer.;#N/A;#N/A;#N/A;#N/A;#N/A;#N/A;License;;no technical license protection;6400;10;50;Fix rate;FALSE;;none;TRUE
yes;213;Infineon Development License;"- THIRD-PARTY COMPONENT (as defined in Elektrobit T&C)
- Terms of Use according to Infineon Technologies AG (as defined in Terms of Use https://www.infineon.com/cms/en/about-infineon/usage-terms/)
- Specification defined in section ""Products and services""";18 months;n/a;FINALIZED PURCHASE PROCESS + 2 weeks;One-time payment;With FINAL DELIVERY;n/a;License;;no technical license protection;6400;10;;Calculated;FALSE;;none;TRUE
;214;Infineon Support and Maintenance for Development License (inactive);Support includes delivery of Updates of the INFINEON Software on availability. Support is limited to 25 hours per year. Support fees will be invoiced in advance for a period of twelve months per customer.;#N/A;#N/A;#N/A;#N/A;#N/A;#N/A;License;;no technical license protection;6400;10;50;Fix rate;TRUE;;none;TRUE
yes;215;Infineon Development and Reproduction License;"- THIRD-PARTY COMPONENT (as defined in Elektrobit T&C) 
- Terms of Use according to Infineon Technologies AG (as defined in Terms of Use https://www.infineon.com/cms/en/about-infineon/usage-terms/) 
- Specification defined in section ""Products and services"" 

Additionally, the restrictions according to the LICENSE PROFILE defined on page ""Scope of license"" apply.";perpetual;n/a;FINALIZED PURCHASE PROCESS + 2 weeks;One-time payment;With FINAL DELIVERY;n/a;License;;no technical license protection;6400;10;;Calculated;TRUE;;none;TRUE
yes;216;Infineon Support and Maintenance for Development and Reproduction License;"- THIRD-PARTY COMPONENT (as defined in Elektrobit T&C) 
- Terms of Use according to Infineon Technologies AG (as defined in Terms of Use https://www.infineon.com/cms/en/about-infineon/usage-terms/) 
- Specification defined in section ""Products and services"" 
- Includes 15-hour Elektrobit product-related support by phone or support portal. Quota valid for 12 months";n/a;12 months;n/a;Annual payment;Anually at the beginning of the extended period;n/a;License;;no technical license protection;6400;10;;Calculated;FALSE;15;TotalAmountAsUpdateRight;TRUE
;217;Floating License (EB GUIDE);"- Perpetual DEVELOPMENT LICENSE per seat

- Includes free UPDATES to new product versions within the same primary version number for the first year. 

- Includes 10h support for the first year";#N/A;#N/A;#N/A;#N/A;#N/A;#N/A;License;;EB GUIDE Floating License File;6400;10;50;Fix rate;TRUE;10;UpdateRightByConfiguration;TRUE
;218;Node Locked License (EB GUIDE);"- Perpetual DEVELOPMENT LICENSE per seat

- Includes free UPDATES to new product versions within the same primary version number for the first year. 

- Includes 10h support for the first year



- Node locked licenses for EB GUIDE require a permanent connected LAN adapter. WLAN network connection cannot be supported with the official Oracle Java JRE delivered with EB GUIDE.";#N/A;#N/A;#N/A;#N/A;#N/A;#N/A;License;;EB GUIDE Node-Locked License File;6400;10;50;Fix rate;TRUE;10;UpdateRightByConfiguration;TRUE
;219;Node Locked License Upgrade (EB GUIDE);#NAME?;#N/A;#N/A;#N/A;#N/A;#N/A;#N/A;License;;EB GUIDE Node-Locked License File;6400;10;50;Fix rate;TRUE;;none;TRUE
;220;Dongled License Upgrade (EB GUIDE);#NAME?;#N/A;#N/A;#N/A;#N/A;#N/A;#N/A;License;;EB GUIDE Dongle License File;6400;10;50;Fix rate;TRUE;;none;TRUE
;221;Dongled License Maintenance (EB GUIDE);"- Per seat

- Includes free UPDATES to new product versions within the same primary version number for 12 months. 

- Includes 10h support for 12 months";#N/A;#N/A;#N/A;#N/A;#N/A;#N/A;License;;EB GUIDE Dongle License File;6400;10;50;Fix rate;TRUE;10;TotalAmountAsUpdateRight;TRUE
;222;Floating License Upgrade (EB GUIDE);#NAME?;#N/A;#N/A;#N/A;#N/A;#N/A;#N/A;License;;EB GUIDE Floating License File;6400;10;50;Fix rate;TRUE;;none;TRUE
;223;Floating License Maintenance (EB GUIDE);"- Per seat

- Includes free UPDATES to new product versions within the same primary version number for 12 months. 

- Includes 10h support for 12 months";#N/A;#N/A;#N/A;#N/A;#N/A;#N/A;License;;EB GUIDE Floating License File;6400;10;50;Fix rate;TRUE;10;TotalAmountAsUpdateRight;TRUE
;224;Temporary Node Locked License (EB GUIDE);"- Per seat

- Temporary DEVELOPMENT LICENSE for a 3 months period. 

- Includes free UPDATES to new product versions within the same primary version number.



- Node locked licenses for EB GUIDE require a permanent LAN adapter connected. WLAN network connection cannot be supported with the official Oracle Java JRE delivered with EB GUIDE.";#N/A;#N/A;#N/A;#N/A;#N/A;#N/A;License;;EB GUIDE Node-Locked License File;6400;10;50;Fix rate;FALSE;;UpdateRightByConfiguration;TRUE
;225;Temporary Dongled License (EB GUIDE);"- Per seat

- Temporary DEVELOPMENT LICENSE for a 3 months period. 

- Includes free UPDATES to new product versions within the same primary version number.";#N/A;#N/A;#N/A;#N/A;#N/A;#N/A;License;;EB GUIDE Dongle License File;6400;10;50;Fix rate;FALSE;;UpdateRightByConfiguration;TRUE
;226;Dongled License (leased);Full-featured license, valid for 3 months. Includes software updates and patch releases for 3 months. If the customers buys a perpetual license, EB will not refund the expenses for such a leased license.;#N/A;#N/A;#N/A;#N/A;#N/A;#N/A;License;;FlexNet Publisher Dongle License File;6400;10;50;Fix rate;FALSE;;none;TRUE
yes;227;Floating License (leased);"- Floating License per seat (as defined in Elektrobit T&C)
- Including MAINTENANCE (as defined on page ""Definitions"")";3 months;3 months;FINALIZED PURCHASE PROCESS + 2 weeks;One-time payment;With FINAL DELIVERY;Elektrobit Tooling Licence;License;;FlexNet Publisher Server Activation Code;6400;10;50;Fix rate;FALSE;;UpdateRightByConfiguration;TRUE
;228;IP1;Module Integration Package;#N/A;#N/A;#N/A;#N/A;#N/A;#N/A;Integration Package;;no technical license protection;6500;10;;Calculated;FALSE;;none;TRUE
;229;IP1.up;Update of a Module Integration Package;#N/A;#N/A;#N/A;#N/A;#N/A;#N/A;Integration Package;;no technical license protection;6500;10;;Calculated;FALSE;;none;TRUE
;230;QP1;Module qualification package (QP1);#N/A;#N/A;#N/A;#N/A;#N/A;#N/A;Qualification Package;;no technical license protection;6500;10;;Calculated;FALSE;;none;TRUE
;231;QP1.up;"The update of the module qualification package (QP1.up) includes the re-execution of module tests.

A qualification report is delivered.";#N/A;#N/A;#N/A;#N/A;#N/A;#N/A;Qualification Package;;no technical license protection;6500;10;;Calculated;FALSE;;none;TRUE
;232;IP2;"The stack integration package (IP2) includes the integration of dedicated modules 

- Into a software stack 

- And basic tests of this software stack.";#N/A;#N/A;#N/A;#N/A;#N/A;#N/A;Integration Package;;no technical license protection;6500;10;;Calculated;FALSE;;none;TRUE
;233;IP2.up;"The update of the stack integration package (IP2.up) includes a reintegration of dedicated modules 

- Into a software stack 

- And basic tests of this software stack";#N/A;#N/A;#N/A;#N/A;#N/A;#N/A;Integration Package;;no technical license protection;6500;10;;Calculated;FALSE;;none;TRUE
;234;QP2;The qualification package (QP2) performs execution of stack tests of a software stack.;#N/A;#N/A;#N/A;#N/A;#N/A;#N/A;Qualification Package;;no technical license protection;6500;10;;Calculated;FALSE;;none;TRUE
;235;QP2.up;Update of qualification package (QP2) which performs execution of stack tests of a software stack.;#N/A;#N/A;#N/A;#N/A;#N/A;#N/A;Qualification Package;;no technical license protection;6500;10;;Calculated;FALSE;;none;TRUE
;236;IP3;Reference Integration Package;#N/A;#N/A;#N/A;#N/A;#N/A;#N/A;Integration Package;;no technical license protection;6500;10;;Calculated;FALSE;;none;TRUE
;237;IP3.up;Update of a Reference Integration Package;#N/A;#N/A;#N/A;#N/A;#N/A;#N/A;Integration Package;;no technical license protection;6500;10;;Calculated;FALSE;;none;TRUE
;238;QP3;"The reference qualification package (QP3) includes the execution of software tests of a reference project.

A qualification report is delivered.";#N/A;#N/A;#N/A;#N/A;#N/A;#N/A;Qualification Package;;no technical license protection;6500;10;;Calculated;FALSE;;none;TRUE
;239;QP3.up;"The update of the reference qualification package (QP3.up) includes the re-execution of software tests of an updated reference project.

A qualification report is delivered.";#N/A;#N/A;#N/A;#N/A;#N/A;#N/A;Qualification Package;;no technical license protection;6500;10;;Calculated;FALSE;;none;TRUE
yes;240;Development Maintenance for Product Line License;"- Extension of MAINTENANCE duration (as defined on page ""Definitions"") 
- Valid for existing Product Line License 

Please note: 
- Updates and bugfixes are provided for the latest software version only. 
- Tested only with the latest software version of related products (e.g., ELEKTROBIT TOOLING).";n/a;12 months;n/a;Annual payment;Anually at the beginning of the extended period;n/a;License;;no technical license protection;6400;10;50;Fix rate;FALSE;;TotalAmountAsUpdateRight;TRUE
yes;241;Development Maintenance for Company License for Tier 1;"- Extension of MAINTENANCE duration (as defined on page ""Definitions"")
- Valid for existing Company License for Tier 1

Please note:
- Updates and bugfixes are provided for the latest software version only.
- Tested only with the latest software version of related products (e.g., ELEKTROBIT TOOLING).";n/a;12 months;n/a;Annual payment;Anually at the beginning of the extended period;n/a;License;;no technical license protection;6400;10;50;Fix rate;FALSE;;TotalAmountAsUpdateRight;TRUE
;242;Educational License;To use the Deliverables for educational, non-commercial purposes in universities and technical schools. With respect to EB Products that are tools, Licensee shall generate software modules in object code only and shall not disclose or provide the generated software modules to any third party. NOTWITHSTANDING ANY OTHER PROVISION OF THIS AGREEMENT, IT IS ACKNOWLEDGED AND AGREED THAT ALL DELIVERBLES AND SERVICES PROVIDED UNDER OR IN CONNECTION WITH AN EDUCATIONAL LICENSE ARE PROVIDED ON A STRICTLY “AS IS” BASIS, WITHOUT RECOURSE OR WARRANTY OF ANY KIND. WITHOUT LIMITING THE FOREGOING, THE PROVISIONS OF SECTIONS 7.1, 7.2 and 8 SHALL NOT APPLY.;#N/A;#N/A;#N/A;#N/A;#N/A;#N/A;License;;no technical license protection;6400;10;50;Fix rate;FALSE;;UpdateRightByConfiguration;TRUE
;243;Run-time License 10 User;"

One time purchase only. Perpetual; Includes free updates to new product versions within the same primary version number.";#N/A;#N/A;#N/A;#N/A;#N/A;#N/A;License;;no technical license protection;;10;50;Fix rate;FALSE;;none;TRUE
;244;Node Locked License Maintenance, Run-time (EB Assist ADTF Toolbox);"- Per seat

- Includes free UPDATES to new product versions within the same primary version number for 12 months";#N/A;#N/A;#N/A;#N/A;#N/A;#N/A;License;;ADTF Node-Locked License File;6400;10;;Calculated;TRUE;;TotalAmountAsUpdateRight;TRUE
;245;Maintenance (EB Assist ADTF);"

20% of total amount of developer licenses within a customer. 

Includes free updates to new product versions within the same primary version number. 10 h support per Development license; 



10% maintenance fee for all runtime licenses and toolboxes. No support for runtime licenses nor toolboxes";#N/A;#N/A;#N/A;#N/A;#N/A;#N/A;License;;no technical license protection;;10;50;Fix rate;FALSE;;none;TRUE
;246;MIT Run-time License 1 User;"

Perpetual, no updates included.";#N/A;#N/A;#N/A;#N/A;#N/A;#N/A;License;;no technical license protection;;10;50;Fix rate;FALSE;;none;TRUE
yes;247;OEM-restricted Company License for Tier 1;"The CUSTOMER gets the right to use the license under the following condition:
a. The run-time software is used for one Vehicle OEM Brand only.
b. The run-time software is used for one µC family and compiler version only.
- Including MAINTENANCE (as defined on page ""Definitions"")

Additionally, the restrictions according to the LICENSE PROFILE defined on page ""Scope of license"" apply.";perpetual;12 months;FINALIZED PURCHASE PROCESS + 2 weeks;One-time payment;With FINAL DELIVERY;Reproduction and Distribution License;License;;no technical license protection;6400;10;50;Fix rate;TRUE;;UpdateRightByConfiguration;TRUE
yes;248;Development Maintenance for OEM-restricted Company License for Tier 1;"- Extension of MAINTENANCE duration (as defined on page ""Definitions"")
- Valid for existing OEM-restricted Company License for Tier 1

Please note:
- Updates and bugfixes are provided for the latest software version only.
- Tested only with the latest software version of related products (e.g., ELEKTROBIT TOOLING).";n/a;12 months;n/a;Annual payment;Anually at the beginning of the extended period;n/a;License;;no technical license protection;6400;10;50;Fix rate;FALSE;;TotalAmountAsUpdateRight;TRUE
yes;249;Porting Package;Porting of the modules to support a specific platform, including qualification tests.;n/a;n/a;In mutual alignment with the project;One-time payment;With FINAL DELIVERY;n/a;Porting;;no technical license protection;6500;10;;Calculated;FALSE;;none;TRUE
;250;Qualification for new Derivatives or new Compiler Release;;#N/A;#N/A;#N/A;#N/A;#N/A;#N/A;Qualification Package;;no technical license protection;;10;50;Fix rate;FALSE;;none;FALSE
;251;Porting & Qualification to new Derivatives or new Compiler Release;;#N/A;#N/A;#N/A;#N/A;#N/A;#N/A;Porting;;no technical license protection;;10;50;Fix rate;FALSE;;none;TRUE
;252;Qualification for new Compiler Toolchain;;#N/A;#N/A;#N/A;#N/A;#N/A;#N/A;Qualification Package;;no technical license protection;;10;50;Fix rate;FALSE;;none;TRUE
;253;Porting & Qualification to new Compiler Toolchain;;#N/A;#N/A;#N/A;#N/A;#N/A;#N/A;Porting;;no technical license protection;;10;50;Fix rate;FALSE;;none;TRUE
;254;Dongled License via EB Hardware - Support & Maintenance (BM);Extension of software upgrades, updates and patch releases for one year.;#N/A;#N/A;#N/A;#N/A;#N/A;#N/A;License;;EB Hardware License File;6400;10;50;Fix rate;TRUE;;TotalAmountAsUpdateRight;TRUE
;255;Node Locked Evaluation License (EB GUIDE);#NAME?;#N/A;#N/A;#N/A;#N/A;#N/A;#N/A;License;;EB GUIDE Node-Locked License File;6400;10;50;Fix rate;FALSE;;none;TRUE
;256;Integration Package for Bootloader;"Integration of all the modules which belong to the Bootloader (hw-dependent and hw-independant).

Integration tests are executed on the target/compiler of the project.";#N/A;#N/A;#N/A;#N/A;#N/A;#N/A;Integration Package;;no technical license protection;6500;10;;Calculated;FALSE;;none;TRUE
;257;Qualification Package for Bootloader;Qualification tests of the hw-independent modules which belong to the bootloader on the project target/compiler.;#N/A;#N/A;#N/A;#N/A;#N/A;#N/A;Qualification Package;;no technical license protection;6500;10;;Calculated;FALSE;;none;TRUE
;258;Node Locked License 20 User - Maintenance;"

- Includes free UPDATES to new product versions within the same primary version number for the first year. 

- Includes 10h support for the first year.";#N/A;#N/A;#N/A;#N/A;#N/A;#N/A;License;;no technical license protection;;10;50;Fix rate;FALSE;;none;TRUE
;259;Floating License Maintenance Extension, Developer (EB Assist ADTF);"- Per seat

- Includes free UPDATES to new product versions within the same primary version number for 12 months

- Includes 10h 1st Level Support

- Includes all standard toolboxes";#N/A;#N/A;#N/A;#N/A;#N/A;#N/A;License;;FlexNet Publisher Server Activation Code;6400;10;;Calculated;TRUE;10;TotalAmountAsUpdateRight;TRUE
;260;Floating License Maintenance Extension, Run-time (EB Assist ADTF);"- Per seat

- Includes free UPDATES to new product versions within the same primary version number for 12 months

- Includes all standard toolboxes";#N/A;#N/A;#N/A;#N/A;#N/A;#N/A;License;;FlexNet Publisher Server Activation Code;6400;10;;Calculated;TRUE;;TotalAmountAsUpdateRight;TRUE
;261;Node Locked License, Run-time (EB Assist ADTF Toolboxes);"- Perpetual TOOLBOX DEVELOPER LICENSE per seat;

-Includes free UPDATES to new product versions within the same primary version number for the first year

-Applies to ADTF 2 - Calibration Toolbox or ADTF 2 – ML/SL Toolbox";#N/A;#N/A;#N/A;#N/A;#N/A;#N/A;License;;ADTF Node-Locked License File;6400;10;;Calculated;TRUE;;UpdateRightByConfiguration;TRUE
;262;Node Locked License Maintenance Extension, Run-time (EB Assist ADTF);"- Per seat

- Includes free UPDATES to new product versions within the same primary version number for 12 months

- Includes all standard toolboxes";#N/A;#N/A;#N/A;#N/A;#N/A;#N/A;License;;ADTF Node-Locked License File;6400;10;;Calculated;TRUE;;TotalAmountAsUpdateRight;TRUE
;263;Hardware & Development License;;#N/A;#N/A;#N/A;#N/A;#N/A;#N/A;Product related service without profile;;no technical license protection;;10;;Calculated;FALSE;;none;TRUE
;264;QP4 (without ordering CAN Stack);Qualification tests of this module on the project target/compiler.;#N/A;#N/A;#N/A;#N/A;#N/A;#N/A;Qualification Package;;no technical license protection;;10;50;Fix rate;FALSE;;none;TRUE
;265;Presentation License (EB GUIDE);Presentation License valid for 12 months. Free UPDATES to new product versions within the same primary version number for 12 months.;#N/A;#N/A;#N/A;#N/A;#N/A;#N/A;License;;no technical license protection;6400;10;50;Fix rate;FALSE;;none;TRUE
;266;Development License (EB GUIDE TF);#NAME?;#N/A;#N/A;#N/A;#N/A;#N/A;#N/A;License;;no technical license protection;6400;10;50;Fix rate;TRUE;0;none;TRUE
yes;267;Template;Templates are only example code. Templates can be re-used in ECU software of CUSTOMER if CUSTOMER has performed sufficient qualification.;n/a;n/a;In mutual alignment with the project;One-time payment;With FINAL DELIVERY;Reproduction and Distribution License;License;;no technical license protection;6500;10;;Calculated;FALSE;;none;TRUE
;268;Freescale DISM Pack;"The DISM Pack contains:

- Initial Delivery of SW package and configuration tool

- License file valid one year for SW package and configuration tool

- One year access to:

* Technical Support (Email)

* Quality Package

* Hot fixes and patches

* Software updates (new releases)

And for customers not holding a production license yet:

- Development License for building ECU samples and prototypes (max. 500 units) valid for one year for a maximum of 3 development projects in parallel (but no series production rights).";#N/A;#N/A;#N/A;#N/A;#N/A;#N/A;License;;no technical license protection;6400;10;50;Fix rate;TRUE;;none;TRUE
;269;Freescale License 250k units;"This is a production use license that applies to only Freescale MCUs.

- License for use with one MCU family

- Unrestricted in time

- Limited to total ECU production volume of 250k units

- For initial delivery and maintenance a Freescale DISM Pack is required.";#N/A;#N/A;#N/A;#N/A;#N/A;#N/A;License;;no technical license protection;6400;10;50;Fix rate;TRUE;;none;TRUE
;270;Freescale Family Multi Project License;;#N/A;#N/A;#N/A;#N/A;#N/A;#N/A;License;;no technical license protection;;10;50;Fix rate;FALSE;;none;TRUE
yes;271;Single-User License;"- Single-User License (as defined in Elektrobit T&C)
- Including MAINTENANCE (as defined on page ""Definitions"")";perpetual;12 months;FINALIZED PURCHASE PROCESS + 2 weeks;One-time payment;With FINAL DELIVERY;Elektrobit Tooling Licence;License;;FlexNet Publisher Application Activation Code;6400;10;50;Fix rate;TRUE;;UpdateRightByConfiguration;TRUE
yes;272;Single-User License Support & Maintenance;"- Extension of MAINTENANCE duration (as defined on page ""Definitions"")
- Valid for existing Single-User License (as defined in Elektrobit T&C)";n/a;12 months;n/a;Annual payment;Anually at the beginning of the extended period;n/a;License;;FlexNet Publisher Application Activation Code;6400;10;50;Fix rate;FALSE;;TotalAmountAsUpdateRight;TRUE
;273;Dongled License change from Studio for ACG6;License change from Studio for ACG6 to EB tresos Studio for ACG7. After license change this license can explecitely used for EB tresos Studio for ACG7. Maintenance for EB tresos Studio for ACG6 (if existing) will be transfered to EB tresos Studio for ACG7.;#N/A;#N/A;#N/A;#N/A;#N/A;#N/A;License;;no technical license protection;;10;50;Fix rate;FALSE;;none;TRUE
;274;Node Locked License change from Studio for ACG6;License change from EB tresos Studio for ACG6 to EB tresos Studio for ACG7. After license change this license can explecitely used for EB tresos Studio for ACG7. Maintenance for EB tresos Studio for ACG6 (if existing) will be transfered to EB tresos Studio for ACG7.;#N/A;#N/A;#N/A;#N/A;#N/A;#N/A;License;;no technical license protection;;10;50;Fix rate;FALSE;;none;TRUE
;275;Floating License change from Studio for ACG6;License change from EB tresos Studio for ACG6 to EB tresos Studio for ACG7. After license change this license can explecitely used for EB tresos Studio for ACG7. Maintenance for EB tresos Studio for ACG6 (if existing) will be transfered to EB tresos Studio for ACG7.;#N/A;#N/A;#N/A;#N/A;#N/A;#N/A;License;;no technical license protection;;10;50;Fix rate;FALSE;;none;TRUE
yes;276;Single-User License (leased);"- Single-User License (as defined in Elektrobit T&C)
- Including MAINTENANCE (as defined on page ""Definitions"")";3 months;3 months;FINALIZED PURCHASE PROCESS + 2 weeks;One-time payment;With FINAL DELIVERY;Elektrobit Tooling Licence;License;;FlexNet Publisher Application Activation Code;6400;10;50;Fix rate;FALSE;;UpdateRightByConfiguration;TRUE
;277;Dongled License extension from EB tresos Studio for ACG6;License extension from EB tresos Studio for ACG6 to EB tresos Studio for ACG7. After license change this license can also be used for Studio for ACG 7. Includes software updates and patch releases for Studio for ACG 7 for one year (no upgrades to any other Studio major version is included).;#N/A;#N/A;#N/A;#N/A;#N/A;#N/A;License;;no technical license protection;;10;50;Fix rate;FALSE;;none;TRUE
;278;Node Locked License extension from EB tresos Studio for ACG6;License extension from EB tresos  Studio for ACG6 to EB tresos Studio for ACG7. After license change this license can also be used for EB tresos Studio for ACG7. Includes software updates and patch releases for EB tresos Studio for ACG7 for one year (no upgrades to any other Studio major version is included).;#N/A;#N/A;#N/A;#N/A;#N/A;#N/A;License;;no technical license protection;;10;50;Fix rate;FALSE;;none;TRUE
;279;Floating License extension from EB tresos Studio for ACG6;License extension from EB tresos Studio for ACG6 to EB tresos Studio for ACG7. After license change this license can also be used for EB tresos Studio for ACG7. Includes software updates and patch releases for EB tresos Studio for ACG 7 for one year (no upgrades to any other Studio major version is included).;#N/A;#N/A;#N/A;#N/A;#N/A;#N/A;License;;no technical license protection;;10;50;Fix rate;FALSE;;none;TRUE
;280;Run-time License (EB GUIDE);"

- REPRODUCTION AND DISTRIBUTION LICENSE;

- Per distributed ECU equipped with EB GUIDE TF;";#N/A;#N/A;#N/A;#N/A;#N/A;#N/A;License;;no technical license protection;;10;50;Fix rate;FALSE;;none;TRUE
yes;281;ECU Cross-Platform License for OEM;"The CUSTOMER gets the right to use the license under the following condition:
a. The run-time software is used for one Vehicle OEM Brand only.
b. The run-time software is used for one CUSTOMER PRODUCT only.
c. The run-time software is used for one µC derivate and compiler & version only.
- Including MAINTENANCE (as defined on page ""Definitions"")

Additionally, the restrictions according to the LICENSE PROFILE defined on page ""Scope of license"" apply.";perpetual;12 months;FINALIZED PURCHASE PROCESS + 2 weeks;One-time payment;With FINAL DELIVERY;Reproduction and Distribution License;License;;no technical license protection;6400;10;50;Fix rate;TRUE;;UpdateRightByConfiguration;TRUE
yes;282;Development Maintenance for ECU Cross-Platform License for OEM;"- Extension of MAINTENANCE duration (as defined on page ""Definitions"") 
- Valid for existing ECU Cross-Platform License for OEM 
 
Please note: 
- Updates and bugfixes are provided for the latest software version only. 
- Tested only with the latest software version of related products (e.g., ELEKTROBIT TOOLING).";n/a;12 months;n/a;Annual payment;Anually at the beginning of the extended period;n/a;License;;no technical license protection;6400;10;50;Fix rate;FALSE;;TotalAmountAsUpdateRight;TRUE
;283;Training - additional participant;;#N/A;#N/A;#N/A;#N/A;#N/A;#N/A;Training;;no technical license protection;;10;;Calculated;FALSE;;none;TRUE
;284;Consulting Package;;#N/A;#N/A;#N/A;#N/A;#N/A;#N/A;Product related service without profile;;no technical license protection;6500;10;;Calculated;FALSE;;none;TRUE
;285;Node Locked License (EB GUIDE SPEECH);#NAME?;#N/A;#N/A;#N/A;#N/A;#N/A;#N/A;License;;EB GUIDE Node-Locked License File;6400;10;50;Fix rate;TRUE;;UpdateRightByConfiguration;TRUE
;286;Node Locked License Maintenance (EB GUIDE SPEECH);"- Per seat

- Includes free UPDATES to new product versions within the same primary version number for 12 months.



- Node locked licenses for EB GUIDE require a permanent LAN adapter connected. WLAN network connection cannot be supported with the official Oracle Java JRE delivered with EB GUIDE.";#N/A;#N/A;#N/A;#N/A;#N/A;#N/A;License;;EB GUIDE Node-Locked License File;6400;10;50;Fix rate;TRUE;;TotalAmountAsUpdateRight;TRUE
;287;Node Locked License Maintenance, Development (EB Assist ADTF 2 Toolbox);"- Per seat

- Includes free UPDATES to new product versions within the same primary version number for 12 months.";#N/A;#N/A;#N/A;#N/A;#N/A;#N/A;License;;ADTF Node-Locked License File;6400;10;;Calculated;TRUE;;TotalAmountAsUpdateRight;TRUE
;288;Temporary Node Locked License (EB GUIDE SPEECH);"- Per seat

- Temporary DEVELOPMENT LICENSE for a 3 months period. 

- Includes free UPDATES to new product versions within the same primary version number.



- Node locked licenses for EB GUIDE require a permanent LAN adapter connected. WLAN network connection cannot be supported with the official Oracle Java JRE delivered with EB GUIDE.";#N/A;#N/A;#N/A;#N/A;#N/A;#N/A;License;;EB GUIDE Node-Locked License File;6400;10;50;Fix rate;FALSE;;UpdateRightByConfiguration;TRUE
;289;Node Locked License Upgrade (EB GUIDE SPEECH);#NAME?;#N/A;#N/A;#N/A;#N/A;#N/A;#N/A;License;;EB GUIDE Node-Locked License File;6400;10;50;Fix rate;TRUE;;none;TRUE
;290;Partner Customer License;Unlimited licenses for partners´ customers to use partners´ modules.;#N/A;#N/A;#N/A;#N/A;#N/A;#N/A;License;;FlexNet Publisher Application Activation Code;6400;10;50;Fix rate;TRUE;;none;TRUE
;291;CAN Driver - Porting to new target;Porting of the CAN Driver to support new target including qualification tests.;#N/A;#N/A;#N/A;#N/A;#N/A;#N/A;Porting;;no technical license protection;6500;10;;Calculated;FALSE;;none;TRUE
;292;CAN Driver - Porting to new derivatives or new compiler releases;Porting of the CAN Driver to support new derivatives or compiler releases including qualification tests.;#N/A;#N/A;#N/A;#N/A;#N/A;#N/A;Porting;;no technical license protection;6500;10;;Calculated;FALSE;;none;TRUE
;293;Delivery of requirements tracing and tests reports;Option: Delivery of requirements traceability from OEM to EB's Design and module tests reports.;#N/A;#N/A;#N/A;#N/A;#N/A;#N/A;Product related service without profile;;no technical license protection;6500;10;;Calculated;FALSE;;none;TRUE
;294;Configuration according to projects´ specific requirements;Option: Configuration of all the modules according to projects´ specific requirements including qualification tests.;#N/A;#N/A;#N/A;#N/A;#N/A;#N/A;Integration Package;;no technical license protection;6500;10;;Calculated;FALSE;;none;TRUE
;295;LIN Driver - Porting to new target;Porting of the LIN Driver to support new target including qualification tests.;#N/A;#N/A;#N/A;#N/A;#N/A;#N/A;Porting;;no technical license protection;6500;10;;Calculated;FALSE;;none;TRUE
;296;LIN Driver - Porting to new derivatives or new compiler releases;Porting of the LIN Driver to support new derivatives or compiler releases including qualification tests.;#N/A;#N/A;#N/A;#N/A;#N/A;#N/A;Porting;;no technical license protection;6500;10;;Calculated;FALSE;;none;TRUE
;297;FLASH Driver - Porting to new target;Porting of the FLASH Driver to support new target including qualification tests.;#N/A;#N/A;#N/A;#N/A;#N/A;#N/A;Porting;;no technical license protection;6500;10;;Calculated;FALSE;;none;TRUE
;298;FLASH Driver - Porting to new derivatives or new compiler releases;Porting of the FLASH Driver to support new derivatives or compiler releases including qualification tests.;#N/A;#N/A;#N/A;#N/A;#N/A;#N/A;Porting;;no technical license protection;6500;10;;Calculated;FALSE;;none;TRUE
;299;OEM-restricted Project License;"The license is valid for one mass production project of one Tier1 product of the purchasing company and is restricted to one OEM and to one car model.



EB recognizes correct use, if the license is used according to EB T&C Clause ""2.1.3 Reproduction and Distribution License“ and in addition all of the following conditions are met: 

a. The run-time software is used for one OEM, only.

b. The run-time software is used for one car model, only.

c. The run-time software is used for one Tier1 product, only.

d. The run-time software is used in one ECU software version, only.

e. The run-time software is used for one HW microcontroller and compiler version, only.



The license is valid for the following license parameters:

- Mass production: yes

- Tier1 product: one, as defined in License Profile above.

- OEM: ";#N/A;#N/A;#N/A;#N/A;#N/A;#N/A;License;;no technical license protection;;10;50;Fix rate;FALSE;;none;TRUE
;300;Dongled License via EB Hardware Support & Maintenance (EB MAid);"Extension of software upgrades, updates and patch releases for one year.



Maintenance contract: Includes maintenance and support of the currently implemented methods, algorithms and specifications. 

This position does NOT contain efforts caused due to changes in methods, algorithms and specifications e.g., by customer specification changes, or new features. These changes have to be quoted separately.";#N/A;#N/A;#N/A;#N/A;#N/A;#N/A;License;;no technical license protection;;10;50;Fix rate;FALSE;;none;TRUE
;301;Development Maintenance for OEM-restricted Project License;"- Valid for one year

- Access to updates and bugfixes of the licensed product

Please Note:

* updates and bugfixes are given for the latest version of the product only

* tested only on Windows platform with the EB tresos Studio 2011.a version (tool version for OsekCore product) 

* requires an ongoing EB tresos Studio maintenance

* to receive a complete integrated and tested OsekCore product, additional Ipx and QPx services are recommended



For further details please refer to the annex PD_EB_tresos_Maintenance_and_Support_Annex.pdf";#N/A;#N/A;#N/A;#N/A;#N/A;#N/A;License;;no technical license protection;;10;50;Fix rate;FALSE;;none;TRUE
yes;302;Development Maintenance for OEM-restricted Product Line License;"- Extension of MAINTENANCE duration (as defined on page ""Definitions"") 
- Valid for existing OEM restricted Product Line License 

Please note: 
- Updates and bugfixes are provided for the latest software version only. 
- Tested only with the latest software version of related products (e.g., ELEKTROBIT TOOLING).";n/a;12 months;n/a;Annual payment;Anually at the beginning of the extended period;n/a;License;;no technical license protection;6400;10;50;Fix rate;FALSE;;TotalAmountAsUpdateRight;TRUE
;303;Development Maintenance for OEM-restricted Company License;"- Valid for one year

- Access to updates and bugfixes of the licensed product

Please Note:

* updates and bugfixes are given for the latest version of the product only

* tested only with the latest version of related products, e.g., EB tresos Studio

* requires an ongoing EB tresos Studio maintenance

* to receive a complete integrated and tested AUTOSAR stack additional IP and QP update services are recommended



For further details please refer to the annex PD_EB_tresos_Maintenance_and_Support_Annex.pdf";#N/A;#N/A;#N/A;#N/A;#N/A;#N/A;License;;no technical license protection;6400;10;50;Fix rate;FALSE;;TotalAmountAsUpdateRight;TRUE
;304;Qualification Package - Compiler Options / MCU sub-derivative;#NAME?;#N/A;#N/A;#N/A;#N/A;#N/A;#N/A;Qualification Package;;no technical license protection;6500;10;;Calculated;FALSE;;none;TRUE
yes;305;Porting Package – Product Update / Compiler Version Update;Porting package to support a compiler version including a basic set of qualification tests.;n/a;n/a;n/a;One-time payment;With FINAL DELIVERY;n/a;Porting;;no technical license protection;6500;10;;Calculated;FALSE;;none;TRUE
;306;Porting Package - Compiler;Porting package to support a new compiler including a basic set of qualification tests.;#N/A;#N/A;#N/A;#N/A;#N/A;#N/A;Porting;;no technical license protection;6500;10;;Calculated;FALSE;;none;TRUE
;307;Porting Package - MCU Derivative;Porting package to support a new derivative of an existing MCU family including a basic set of qualification tests.;#N/A;#N/A;#N/A;#N/A;#N/A;#N/A;Porting;;no technical license protection;6500;10;;Calculated;FALSE;;none;TRUE
;308;Porting Package - MCU Family;Porting package to support a new MCU family including a basic set of qualification tests.;#N/A;#N/A;#N/A;#N/A;#N/A;#N/A;Porting;;no technical license protection;6500;10;;Calculated;FALSE;;none;TRUE
yes;309;Qualification Package - Safety Approval;EB safety approval stating that additional verification measures to ensure that release criteria for projects up to ASIL-D are met were carried out. This can be ordered for production quality releases together with a qualification or porting package.;n/a;n/a;n/a;One-time payment;With FINAL DELIVERY;n/a;Qualification Package;;no technical license protection;6500;10;;Calculated;FALSE;;none;TRUE
yes;310;Single-User Evaluation License;"- Single-User License (as defined in Elektrobit T&C) 
- Further specifications can be found in the related ""Evaluation license agreement"" which need to be signed by CUSTOMER and Elektrobit.";n/a;n/a;FINALIZED PURCHASE PROCESS + 2 weeks;One-time payment;With FINAL DELIVERY;Evaluation and Demonstration License;License;;FlexNet Publisher Application Activation Code;6400;10;50;Fix rate;FALSE;;none;TRUE
yes;311;Partner Customer Evaluation License;- Single-User Licenses (as defined in Elektrobit T&C) for partners of CUSTOMERS, to evaluate partners modules and EB tresos Studio.;3 months;n/a;FINALIZED PURCHASE PROCESS + 2 weeks;One-time payment;With FINAL DELIVERY;Evaluation and Demonstration License;License;;FlexNet Publisher Application Activation Code;6400;10;50;Fix rate;FALSE;;none;TRUE
;312;Single-User License (limited);"Perpetual, limited-featured license.

Includes one year software updates and patch releases.";#N/A;#N/A;#N/A;#N/A;#N/A;#N/A;License;;FlexNet Publisher Application Activation Code;6400;10;50;Fix rate;TRUE;;UpdateRightByConfiguration;TRUE
;313;Customization Package;;#N/A;#N/A;#N/A;#N/A;#N/A;#N/A;Product related service without profile;;no technical license protection;6500;10;;Calculated;FALSE;;none;TRUE
;314;Eth Driver - Porting to new derivatives or new compiler releases;Valid license of EB IP-stack and MCAL Eth driver, including stack qualification required;#N/A;#N/A;#N/A;#N/A;#N/A;#N/A;Porting;;no technical license protection;6500;10;;Calculated;FALSE;;none;TRUE
;315;Qualification Package - Platform;#NAME?;#N/A;#N/A;#N/A;#N/A;#N/A;#N/A;Qualification Package;;no technical license protection;6500;10;;Calculated;FALSE;;none;TRUE
;316;Qualification Package for Bootloader - Update;Update of qualification tests of the hw-independent modules which belongs to the bootloader on the project target/compiler.;#N/A;#N/A;#N/A;#N/A;#N/A;#N/A;Qualification Package;;no technical license protection;6500;10;;Calculated;FALSE;;none;TRUE
;317;Integration Package for Bootloader - Update;"Update of the integration of all the modules which belong to the Bootloader (hw-dependent and hw-independant).

Integration tests are re-executed on the target/compiler of the project.";#N/A;#N/A;#N/A;#N/A;#N/A;#N/A;Integration Package;;no technical license protection;6500;10;;Calculated;FALSE;;none;TRUE
;318;QP4 (without ordering LIN Slave Stack);Qualification tests of this module on the project target/compiler.;#N/A;#N/A;#N/A;#N/A;#N/A;#N/A;Qualification Package;;no technical license protection;;10;50;Fix rate;FALSE;;none;TRUE
;319;QP4.up (without ordering LIN Slave Stack);Update of qualification tests of this module on the project target/compiler.;#N/A;#N/A;#N/A;#N/A;#N/A;#N/A;Porting;;no technical license protection;;10;50;Fix rate;FALSE;;none;TRUE
;320;EB TOOLING DEVELOPMENT LICENSE STUDIO - 10 SEATS PACKAGE;"- EB GUIDE Version: 6.x

- EB GUIDE Studio Speech Extension incl. Language Package.

- Number of seats: 10 seats

- Limitation in time: 12 months

- Support and Service: 

  Includes update right and 10 hours product support via email ticket system for 12 months.

- Source Code Disclosure: not available



RUNTIME SOFTWARE TARGET SYSTEM: Standard EB GUIDE TF Rapid Prototyping Ports as listed in the current EB GUIDE TF Ports Product Description.";#N/A;#N/A;#N/A;#N/A;#N/A;#N/A;License;;no technical license protection;6400;10;50;Fix rate;FALSE;10;UpdateRightByConfiguration;TRUE
;321;ADAPTATION OF RUNTIME SOFTWARE;;#N/A;#N/A;#N/A;#N/A;#N/A;#N/A;Product related service without profile;;no technical license protection;6500;10;;Calculated;TRUE;;none;TRUE
;322;Unlimited License (EB Assist ADTF);#NAME?;#N/A;#N/A;#N/A;#N/A;#N/A;#N/A;License;;no technical license protection;6400;10;;Calculated;TRUE;;none;TRUE
;323;Dongled License change from previous version;Dongled License. Perpetual, full-featured license. License change from previous version to offered version. After license change this license can explicitly be used for the offered version of EB tresos Studio. Maintenance (if existing) of the previous version of EB tresos Studio will be transferred to the offered version.;#N/A;#N/A;#N/A;#N/A;#N/A;#N/A;License;;FlexNet Publisher Dongle License File;6400;10;50;Fix rate;TRUE;;UpdateRightByConfiguration;TRUE
;324;Dongled License extension of previous version;Dongled License. Perpetual, full-featured license. License extension of previous version to offered version. After license extension this license can also be used for the offered version of EB tresos Studio. Maintenance of the existing version of EB tresos Studio will be considered within the offered version.;#N/A;#N/A;#N/A;#N/A;#N/A;#N/A;License;;FlexNet Publisher Dongle License File;6400;10;50;Fix rate;TRUE;;UpdateRightByConfiguration;TRUE
;325;Single-User License change from previous version;Single-User License. Perpetual, full-featured license. License change from previous version to offered version. After license change this license can explicitly be used for the offered version of EB tresos Studio. Maintenance (if existing) of the previous version of EB tresos Studio will be transferred to the offered version.;#N/A;#N/A;#N/A;#N/A;#N/A;#N/A;License;;FlexNet Publisher Application Activation Code;6400;10;50;Fix rate;TRUE;;UpdateRightByConfiguration;TRUE
;326;Single-User License extension of previous version;Single-User License. Perpetual, full-featured license. License extension of previous version to offered version. After license extension this license can also be used for the offered version of EB tresos Studio. Maintenance of the existing version of EB tresos Studio will be considered within the offered version.;#N/A;#N/A;#N/A;#N/A;#N/A;#N/A;License;;FlexNet Publisher Application Activation Code;6400;10;50;Fix rate;TRUE;;UpdateRightByConfiguration;TRUE
;327;Floating License change from previous version;Floating License. Perpetual, concurrent, full-featured license. License change from previous version to offered version. After license change this license can explicitly be used for the offered version of EB tresos Studio. Maintenance (if existing) of the previous version of EB tresos Studio will be transferred to the offered version.;#N/A;#N/A;#N/A;#N/A;#N/A;#N/A;License;;FlexNet Publisher Server Activation Code;6400;10;50;Fix rate;TRUE;;UpdateRightByConfiguration;TRUE
;328;Floating License extension of previous version;Floating License. Perpetual, concurrent, full-featured license. License extension of previous version to offered version. After license extension this license can also be used for the offered version of EB tresos Studio. Maintenance of the existing version of EB tresos Studio will be considered within the offered version.;#N/A;#N/A;#N/A;#N/A;#N/A;#N/A;License;;FlexNet Publisher Server Activation Code;6400;10;50;Fix rate;TRUE;;UpdateRightByConfiguration;TRUE
;329;Single User License (Flashbuilder);The license entitles employees of CUSTOMER to use the DELIVERABLE on one personal computer owned by or under the control of LICENSEE. The license does not allow to install the DELIVERABLES on multiple personal computers or otherwise enable the use of the DELIVERABLE to more than one developer, e.g. network or virtualization. This type of license is usually used in project related development teams. Every engineer has its own license.;#N/A;#N/A;#N/A;#N/A;#N/A;#N/A;License;;FlexNet Publisher Application Activation Code;6400;10;50;Fix rate;TRUE;;none;TRUE
yes;330;Evaluation License;"Further specifications can be found in the related ""Evaluation license agreement"" which need to be signed by CUSTOMER and Elektrobit.";n/a;n/a;FINALIZED PURCHASE PROCESS + 2 weeks;One-time payment;With FINAL DELIVERY;Evaluation and Demonstration License;License;;no technical license protection;6400;10;50;Fix rate;FALSE;30;none;TRUE
;331;Dongled-Evaluation License;"The license is valid for the ordering company for the purpose of evaluating Elektrobit’s (EB) software in terms of usability, included features and applicability.

EB recognizes correct use, if the evaluation license agreement is filled out and signed by CUSTOMER and EB.";#N/A;#N/A;#N/A;#N/A;#N/A;#N/A;License;;no technical license protection;;10;50;Fix rate;FALSE;;none;TRUE
;332;Customization Package of NM module for OEM;Adaptation of the NM module code according to the OEM specification, including qualification on Windows platform.;#N/A;#N/A;#N/A;#N/A;#N/A;#N/A;Integration Package;;no technical license protection;6500;10;;Calculated;FALSE;;none;TRUE
;333;Integration Package for NM module in ACG;"Integration of the NM module and the NM wrapper with a dedicated ACG release.

Integration tests (based on stubs of ACG components) are executed on Windows platform.";#N/A;#N/A;#N/A;#N/A;#N/A;#N/A;Integration Package;;no technical license protection;6500;10;;Calculated;FALSE;;none;TRUE
;334;Integration Package for NM module in ACG - Update;"Update of the integration of the NM module and the NM wrapper with a dedicated ACG release.

Integration tests (based on stubs of ACG components) are executed on Windows platform.";#N/A;#N/A;#N/A;#N/A;#N/A;#N/A;Integration Package;;no technical license protection;6500;10;;Calculated;FALSE;;none;TRUE
;335;Qualification Package for OsekCore;"Qualification tests of the hw-independent modules which belong to the Stack on the

project target/compiler.";#N/A;#N/A;#N/A;#N/A;#N/A;#N/A;Integration Package;;no technical license protection;6500;10;;Calculated;FALSE;;none;TRUE
;336;Qualification Package for OsekCore - Update;"Update of qualification tests of the hw-independent modules which belong to the

Stack on the project target/compiler.";#N/A;#N/A;#N/A;#N/A;#N/A;#N/A;Integration Package;;no technical license protection;6500;10;;Calculated;FALSE;;none;TRUE
;337;Customization Package of NM Wrapper module for OEM;Adaptation of the NM Wrapper module code according to the OEM specification, including qualification on Windows platform.;#N/A;#N/A;#N/A;#N/A;#N/A;#N/A;Integration Package;;no technical license protection;6500;10;;Calculated;FALSE;;none;TRUE
;338;Integration Package for OsekCore;"Integration of all the modules which belong to the Stack (hw-independent and hw-dependant).

Integration tests are executed on the target/compiler of the project.";#N/A;#N/A;#N/A;#N/A;#N/A;#N/A;Integration Package;;no technical license protection;6500;10;;Calculated;FALSE;;none;TRUE
;339;Integration Package for OsekCore - Update;"Update of the integration of all the modules which belong to the Stack (hw-dependent

and hw-independant).

Integration tests are re-executed on the target/compiler of the project.";#N/A;#N/A;#N/A;#N/A;#N/A;#N/A;Integration Package;;no technical license protection;6500;10;;Calculated;FALSE;;none;TRUE
;340;Floating License (limited);"Perpetual, limited-featured license.

Includes one year software updates and patch releases.";#N/A;#N/A;#N/A;#N/A;#N/A;#N/A;License;;FlexNet Publisher Server Activation Code;6400;10;50;Fix rate;TRUE;;UpdateRightByConfiguration;TRUE
yes;341;BU License for Tier 1;"The CUSTOMER gets the right to use the license under the following condition:
a. The run-time software is used for one µC family and compiler version only.
b. The run-time software is used by one Business unit of the CUSTOMER.
- Including MAINTENANCE (as defined on page ""Definitions"")

Additionally, the restrictions according to the LICENSE PROFILE defined on page ""Scope of license"" apply.";perpetual;12 months;FINALIZED PURCHASE PROCESS + 2 weeks;One-time payment;With FINAL DELIVERY;Reproduction and Distribution License;License;;no technical license protection;6400;10;50;Fix rate;TRUE;;UpdateRightByConfiguration;TRUE
;342;FLASH Driver - Qualification Package - Compiler Options;Qualification of the Driver with custom compiler options. No adaptation of the Driver source code included.;#N/A;#N/A;#N/A;#N/A;#N/A;#N/A;Qualification Package;;no technical license protection;6500;10;;Calculated;FALSE;;none;TRUE
;343;FLASH Driver - Porting Package – Compiler Version Update;Porting of the Driver to support a new compiler version including qualification tests.;#N/A;#N/A;#N/A;#N/A;#N/A;#N/A;Porting;;no technical license protection;6500;10;;Calculated;FALSE;;none;TRUE
;344;FLASH Driver - Porting Package - Compiler;Porting of the Driver to support a new compiler including qualification tests.;#N/A;#N/A;#N/A;#N/A;#N/A;#N/A;Porting;;no technical license protection;6500;10;;Calculated;FALSE;;none;TRUE
;345;FLASH Driver - Porting Package - MCU Derivative;Porting of the Driver to support a new derivative of an existing MCU family including qualification tests.;#N/A;#N/A;#N/A;#N/A;#N/A;#N/A;Porting;;no technical license protection;6500;10;;Calculated;FALSE;;none;TRUE
;346;FLASH Driver - Porting Package - MCU Family;Porting of the Driver to support a new MCU family including qualification tests.;#N/A;#N/A;#N/A;#N/A;#N/A;#N/A;Porting;;no technical license protection;6500;10;;Calculated;FALSE;;none;TRUE
;347;CAN Driver - Qualification Package - Compiler Options;Qualification of the Driver with custom compiler options. No adaptation of the Driver source code included.;#N/A;#N/A;#N/A;#N/A;#N/A;#N/A;Porting;;no technical license protection;6500;10;;Calculated;FALSE;;none;TRUE
;348;CAN Driver - Porting Package – Compiler Version Update;Porting of the Driver to support a new compiler version including qualification tests.;#N/A;#N/A;#N/A;#N/A;#N/A;#N/A;Porting;;no technical license protection;6500;10;;Calculated;FALSE;;none;TRUE
;349;CAN Driver - Porting Package - Compiler;Porting of the Driver to support a new compiler including qualification tests.;#N/A;#N/A;#N/A;#N/A;#N/A;#N/A;Porting;;no technical license protection;6500;10;;Calculated;FALSE;;none;TRUE
;350;CAN Driver - Porting Package - MCU Family;Porting of the Driver to support a new MCU family including qualification tests.;#N/A;#N/A;#N/A;#N/A;#N/A;#N/A;Porting;;no technical license protection;6500;10;;Calculated;FALSE;;none;TRUE
;351;CAN Driver - Porting Package - MCU Derivative;Porting of the Driver to support a new derivative of an existing MCU family including qualification tests.;#N/A;#N/A;#N/A;#N/A;#N/A;#N/A;Porting;;no technical license protection;6500;10;;Calculated;FALSE;;none;TRUE
;352;LIN Driver - Qualification Package - Compiler Options;Qualification of the Driver with custom compiler options. No adaptation of the Driver source code included.;#N/A;#N/A;#N/A;#N/A;#N/A;#N/A;Porting;;no technical license protection;6500;10;;Calculated;FALSE;;none;TRUE
;353;LIN Driver - Porting Package – Compiler Version Update;Porting of the Driver to support a new compiler version including qualification tests.;#N/A;#N/A;#N/A;#N/A;#N/A;#N/A;Porting;;no technical license protection;6500;10;;Calculated;FALSE;;none;TRUE
;354;LIN Driver - Porting Package - Compiler;Porting of the Driver to support a new compiler including qualification tests.;#N/A;#N/A;#N/A;#N/A;#N/A;#N/A;Porting;;no technical license protection;6500;10;;Calculated;FALSE;;none;TRUE
;355;LIN Driver - Porting Package - MCU Derivative;Porting of the Driver to support a new derivative of an existing MCU family including qualification tests.;#N/A;#N/A;#N/A;#N/A;#N/A;#N/A;Porting;;no technical license protection;6500;10;;Calculated;FALSE;;none;TRUE
;356;LIN Driver - Porting Package - MCU Family;Porting of the Driver to support a new MCU family including qualification tests.;#N/A;#N/A;#N/A;#N/A;#N/A;#N/A;Porting;;no technical license protection;6500;10;;Calculated;FALSE;;none;TRUE
;357;Floating License, Run-time (EB Assist ADTF);"-Perpetual RUNTIME LICENSE per seat;

-Includes free UPDATES to new product versions within the same primary version number for the first year.

-Includes all standard toolboxes";#N/A;#N/A;#N/A;#N/A;#N/A;#N/A;License;;FlexNet Publisher Application Activation Code;6400;10;;Calculated;TRUE;;UpdateRightByConfiguration;TRUE
;358;Company License (EB GUIDE TF);#NAME?;#N/A;#N/A;#N/A;#N/A;#N/A;#N/A;License;;no technical license protection;6400;10;50;Fix rate;TRUE;;none;TRUE
;359;Node Locked License, Development CDR (EB Assist ADTF Toolbox);#NAME?;#N/A;#N/A;#N/A;#N/A;#N/A;#N/A;License;;ADTF Node-Locked License File;6400;10;50;Fix rate;TRUE;;none;TRUE
;360;Floating License, Run-time (EB Assist ADTF Toolboxes);"-Perpetual TOOLBOX DEVELOPER LICENSE per seat

-Includes free UPDATES to new product versions within the same primary version number for the first year

-Applies to ADTF 2 - Calibration Toolbox or ADTF 2 – ML/SL Toolbox";#N/A;#N/A;#N/A;#N/A;#N/A;#N/A;License;;FlexNet Publisher Server Activation Code;6400;10;;Calculated;TRUE;;UpdateRightByConfiguration;TRUE
;361;Floating License Maintenance, Run-time (EB Assist ADTF Toolbox);"- Per seat

- Includes free UPDATES to new product versions within the same primary version number for 12 months";#N/A;#N/A;#N/A;#N/A;#N/A;#N/A;License;;FlexNet Publisher Server Activation Code;6400;10;;Calculated;TRUE;;TotalAmountAsUpdateRight;TRUE
;362;Floating License, Developer (EB Assist ADTF Toolboxes);"- Perpetual TOOLBOX DEVELOPER LICENSE per seat;

-Includes free UPDATES to new product versions within the same primary version number for the first year.

-Applies to ADTF 2 - Calibration Toolbox or ADTF 2 – ML/SL Toolbox";#N/A;#N/A;#N/A;#N/A;#N/A;#N/A;License;;FlexNet Publisher Server Activation Code;6400;10;;Calculated;TRUE;;UpdateRightByConfiguration;TRUE
;363;Floating License Maintenance, Development (EB Assist ADTF Toolbox);"- Per seat

- Includes free UPDATES to new product versions within the same primary version number for 12 months";#N/A;#N/A;#N/A;#N/A;#N/A;#N/A;License;;FlexNet Publisher Server Activation Code;6400;10;;Calculated;TRUE;;TotalAmountAsUpdateRight;TRUE
;364;Project Development License (EB GUIDE GTF);;#N/A;#N/A;#N/A;#N/A;#N/A;#N/A;License;;no technical license protection;6400;10;50;Fix rate;FALSE;;none;TRUE
yes;365;IP;;n/a;n/a;In mutual alignment with the project;One-time payment;With FINAL DELIVERY;n/a;Integration Package;;no technical license protection;6500;10;;Calculated;FALSE;;none;TRUE
;366;IP.up;;#N/A;#N/A;#N/A;#N/A;#N/A;#N/A;Integration Package;;no technical license protection;6500;10;;Calculated;FALSE;;none;TRUE
yes;367;QP;;n/a;n/a;In mutual alignment with the project;One-time payment;With FINAL DELIVERY;n/a;Qualification Package;;no technical license protection;6500;10;;Calculated;FALSE;;none;TRUE
yes;368;QP.up;;n/a;n/a;In mutual alignment with the project;One-time payment;With FINAL DELIVERY;n/a;Qualification Package;;no technical license protection;6500;10;;Calculated;FALSE;;none;TRUE
;369;Startup Package;;#N/A;#N/A;#N/A;#N/A;#N/A;#N/A;Integration Package;;no technical license protection;6500;10;;Calculated;FALSE;;none;TRUE
;370;Update Package;Update of a Startup Package;#N/A;#N/A;#N/A;#N/A;#N/A;#N/A;Integration Package;;no technical license protection;6500;10;;Calculated;FALSE;;none;TRUE
yes;371;Node-Locked Evaluation License (EB robinos);"Further specifications can be found in the related ""Evaluation license agreement"" which need to be signed by CUSTOMER and Elektrobit.";12 months;n/a;FINALIZED PURCHASE PROCESS + 2 weeks;One-time payment;With FINAL DELIVERY;Evaluation and Demonstration License;License;;no technical license protection;6400;10;50;Fix rate;FALSE;;none;TRUE
;372;Node Locked License (EB robinos);"- Perpetual LICENSE per seat;

- Includes free UPDATES to new product versions within the same primary version number for the first year.

- EB Assist ADTF 2 Development License not included.

- Source code is not included.



Precondition: Valid EB Assist ADTF 2 Development License. 



This license is meant for non-mass-production projects.";#N/A;#N/A;#N/A;#N/A;#N/A;#N/A;License;;no technical license protection;6400;10;50;Fix rate;TRUE;;UpdateRightByConfiguration;TRUE
;373;Node Locked License Maintenance (EB robinos);"- Per seat

- Includes free UPDATES to new product versions within the same primary version number for 12 months";#N/A;#N/A;#N/A;#N/A;#N/A;#N/A;License;;no technical license protection;6400;10;50;Fix rate;TRUE;;TotalAmountAsUpdateRight;TRUE
;374;Device Locked License (EB robinos);"- Perpetual LICENSE per device;

- Includes free UPDATES to new product versions within the same primary version number for the first year.

- Source code is not included.



This license is meant for non-mass-production projects.";#N/A;#N/A;#N/A;#N/A;#N/A;#N/A;License;;no technical license protection;6400;10;50;Fix rate;TRUE;;UpdateRightByConfiguration;TRUE
;375;Device Locked Project License (EB robinos);"- Perpetual LICENSE per project;

- Includes free UPDATES to new product versions within the same primary version number for the first year.



Specific target system:

- Specific HW: tbd

- µController: tbd

- OS: tbd

- Application Framework: tbd

- Compiler + settings: tbd";#N/A;#N/A;#N/A;#N/A;#N/A;#N/A;License;;no technical license protection;6400;10;50;Fix rate;TRUE;;UpdateRightByConfiguration;TRUE
;376;Training (ACU);;#N/A;#N/A;#N/A;#N/A;#N/A;#N/A;Training;;no technical license protection;6500;10;;Calculated;FALSE;;none;TRUE
;377;Training (EB HAD Basics);;#N/A;#N/A;#N/A;#N/A;#N/A;#N/A;Training;;no technical license protection;6500;10;;Calculated;FALSE;;none;TRUE
;378;Training (EB Assist ADTF 3);;#N/A;#N/A;#N/A;#N/A;#N/A;#N/A;Training;;no technical license protection;6400;10;;Calculated;FALSE;;none;TRUE
;379;Company License, Development (EB Assist ADTF 2 Toolbox);- Includes free UPDATES to new product versions within the same primary version number for 12 months.;#N/A;#N/A;#N/A;#N/A;#N/A;#N/A;License;;ADTF Node-Locked License File;6400;10;50;Fix rate;TRUE;;UpdateRightByConfiguration;TRUE
;380;Company License, Maintenance (EB Assist ADTF 2 Toolbox);- Includes free UPDATES to new product versions within the same primary version number for 12 months.;#N/A;#N/A;#N/A;#N/A;#N/A;#N/A;License;;ADTF Node-Locked License File;6400;10;50;Fix rate;TRUE;;TotalAmountAsUpdateRight;TRUE
;381;Porting package - BL Platform;Porting package to support a new feature set or compiler version including a basic set of qualification tests.;#N/A;#N/A;#N/A;#N/A;#N/A;#N/A;Porting;;no technical license protection;6500;10;;Calculated;FALSE;;none;TRUE
;382;Node Locked License (EB robinos Reconstructor ADASISv3 for EB Assist ADTF);"- Perpetual LICENSE per seat;

- Includes free UPDATES to new product versions within the same primary version number for 12 months.";#N/A;#N/A;#N/A;#N/A;#N/A;#N/A;License;;no technical license protection;6400;10;50;Fix rate;TRUE;3;UpdateRightByConfiguration;TRUE
;383;Node Locked License Maintenance (EB robinos Reconstructor ADASISv3 for EB Assist ADTF);"- Per seat

- Includes free UPDATES to new product versions within the same primary version number for 12 month";#N/A;#N/A;#N/A;#N/A;#N/A;#N/A;License;;no technical license protection;6400;10;50;Fix rate;TRUE;;TotalAmountAsUpdateRight;TRUE
yes;384;Development Maintenance for BU License for Tier 1;"- Extension of MAINTENANCE duration (as defined on page ""Definitions"")
- Valid for existing BU License for Tier 1

Please note:
- Updates and bugfixes are provided for the latest software version only.
- Tested only with the latest software version of related products (e.g., ELEKTROBIT TOOLING).";n/a;12 months;n/a;Annual payment;Anually at the beginning of the extended period;n/a;License;;no technical license protection;6400;10;50;Fix rate;FALSE;;TotalAmountAsUpdateRight;TRUE
;385;EB TOOLING DEVELOPMENT LICENSE STUDIO - BASE PACKAGE;"DEVELOPMENT LICENSE including:

- EB GUIDE Version: 6.x

- EB GUIDE Studio Speech Extension incl. Language Package

- Number of seats: 1 seat

- Limitation in time: 12 months

- Support and Service:

Includes update right and 10 hours product support via e-mail ticket system for 12 months.

- Source Code Disclosure: not available

- EB GUIDE GTF Rapid Prototyping Ports as listed in latest version of document ""EB GUIDE 6 Graphics Target Framework (GTF) Ports""";#N/A;#N/A;#N/A;#N/A;#N/A;#N/A;License;;no technical license protection;6400;10;50;Fix rate;FALSE;10;UpdateRightByConfiguration;TRUE
;386;EB TOOLING DEVELOPMENT LICENSE STUDIO - ADDITIONAL SEAT;"Additional seat for EB GUIDE 6 Studio Enterprise License - Base Package:

- Number of additional seats: 1 seat

- Limitation in time: 12 months

- Includes update right for 12 months



Precondition: valid EB GUIDE 6 Studio Enterprise License - Base Package";#N/A;#N/A;#N/A;#N/A;#N/A;#N/A;License;;no technical license protection;6400;10;50;Fix rate;FALSE;;UpdateRightByConfiguration;TRUE
;387;Node Locked License, Run-time, 3 months (EB Assist ADTF);#NAME?;#N/A;#N/A;#N/A;#N/A;#N/A;#N/A;License;;ADTF Node-Locked License File;6400;10;;Calculated;FALSE;;none;TRUE
;388;Node Locked License, Run-time, 6 months (EB Assist ADTF);#NAME?;#N/A;#N/A;#N/A;#N/A;#N/A;#N/A;License;;ADTF Node-Locked License File;6400;10;;Calculated;FALSE;;none;TRUE
;389;Node Locked License, Run-time, 12 months (EB Assist ADTF);#NAME?;#N/A;#N/A;#N/A;#N/A;#N/A;#N/A;License;;ADTF Node-Locked License File;6400;10;;Calculated;FALSE;;none;TRUE
;390;Intermediate (Product Service);;3 months;n/a;#N/A;#N/A;#N/A;n/a;Product related service without profile;;no technical license protection;6400;10;;Calculated;FALSE;;none;TRUE
;391;Intermediate (License incl. update right);#NAME?;perpetual;12 months;#N/A;#N/A;#N/A;#N/A;License;;no technical license protection;6400;10;50;Fix rate;TRUE;;UpdateRightByConfiguration;TRUE
;392;Intermediate (Update right);;3 months;12 months;#N/A;#N/A;#N/A;#N/A;License;;no technical license protection;6400;10;50;Fix rate;TRUE;;UpdateRightByConfiguration;TRUE
;393;Intermediate (License w/o update right);- Perpetual license, without update right;perpetual;n/a;#N/A;#N/A;#N/A;#N/A;License;;no technical license protection;6400;10;50;Fix rate;TRUE;;none;TRUE
;394;Intermediate (Temporary license);;perpetual;n/a;#N/A;#N/A;#N/A;#N/A;License;;no technical license protection;6400;10;50;Fix rate;FALSE;;none;TRUE
yes;395;Support Package (EB robinos);- Elektrobit product-related support by phone or email. Quota valid for 12 months;3 months;n/a;n/a;One-time payment;With FINAL DELIVERY;n/a;Product related service without profile;;no technical license protection;6400;10;;Calculated;FALSE;10;none;TRUE
;396;Device Locked License Maintenance (EB robinos);"- Per device

- Includes free UPDATES to new product versions within the same primary version number for 12 months.



Precondition: Running support & maintenance contract.";#N/A;#N/A;#N/A;#N/A;#N/A;#N/A;License;;no technical license protection;6400;10;50;Fix rate;TRUE;;TotalAmountAsUpdateRight;TRUE
;397;Node Locked License (EB robinos Reconstructor ADASISv2 for EB Assist ADTF);"- Perpetual LICENSE per seat

- Includes free UPDATES to new product versions within the same primary version number for 12 months";#N/A;#N/A;#N/A;#N/A;#N/A;#N/A;License;;no technical license protection;6400;10;50;Fix rate;TRUE;3;UpdateRightByConfiguration;TRUE
;398;Node Locked License Maintenance (EB robinos Reconstructor ADASISv2 for EB Assist ADTF);"- Per seat

- Includes free UPDATES to new product versions within the same primary version number for 12 month";#N/A;#N/A;#N/A;#N/A;#N/A;#N/A;License;;no technical license protection;6400;10;50;Fix rate;TRUE;;TotalAmountAsUpdateRight;TRUE
;399;Node Locked License (EB robinos Provider ADASISv3 for EB Assist ADTF);"

- Perpetual LICENSE per seat;

- Includes free UPDATES to new product versions within the same primary version number for 12 months.";#N/A;#N/A;#N/A;#N/A;#N/A;#N/A;License;;no technical license protection;6400;10;50;Fix rate;TRUE;3;UpdateRightByConfiguration;TRUE
;400;Node Locked License Maintenance (EB robinos Provider ADASISv3 for EB Assist ADTF);"- Perpetual LICENSE per seat

- Includes free UPDATES to new product versions within the same primary version number for 12 month";#N/A;#N/A;#N/A;#N/A;#N/A;#N/A;License;;no technical license protection;6400;10;50;Fix rate;TRUE;;TotalAmountAsUpdateRight;TRUE
;401;EB TOOLING DEVELOPMENT LICENSE STUDIO - 10 SEATS PACKAGE (JP);"- EB GUIDE Version: 6.x

- EB GUIDE Studio Speech Extension incl. Language Package.

- Number of seats: 10 seats

- Limitation in time: 12 months

- Includes update right for 12 months.

- Source Code Disclosure: not available

 

RUNTIME SOFTWARE TARGET SYSTEM: Standard EB GUIDE TF Rapid Prototyping Ports as listed in the current EB GUIDE TF Ports Product Description";#N/A;#N/A;#N/A;#N/A;#N/A;#N/A;License;;no technical license protection;6400;10;50;Fix rate;FALSE;;UpdateRightByConfiguration;TRUE
;402;EB TOOLING DEVELOPMENT LICENSE STUDIO - 1 SEAT PACKAGE (JP);"- EB GUIDE Version: 6.x

- EB GUIDE Studio Speech Extension incl. Language Package.

- Number of seats: 1 seat

- Limitation in time: 12 months

- Includes update right for 12 months.

- Source Code Disclosure: not available

 

RUNTIME SOFTWARE TARGET SYSTEM: Standard EB GUIDE TF Rapid Prototyping Ports as listed in the current EB GUIDE TF Ports Product Description";#N/A;#N/A;#N/A;#N/A;#N/A;#N/A;License;;no technical license protection;6400;10;50;Fix rate;FALSE;;UpdateRightByConfiguration;TRUE
;403;Support Package (10h) (EB GUIDE);"- Includes 10 hours Q&A support for 12 months.

- Support via email and phone.";#N/A;#N/A;#N/A;#N/A;#N/A;#N/A;Product related service without profile;;no technical license protection;6400;10;;Calculated;FALSE;10;none;TRUE
;404;Support Package (20h) (EB GUIDE);"- Includes 20 hours Q&A support for 12 months.

- Support via email and phone.";#N/A;#N/A;#N/A;#N/A;#N/A;#N/A;Product related service without profile;;no technical license protection;6400;10;;Calculated;FALSE;10;none;TRUE
;405;Development License (EB robinos);"Development Licence and Support Package for customers who want to integrate EB robinos ADASIS software library into their HW and SW environment by their own (not needed if the product is sold as part of a EB customer project)



includes:

- delivery of the newest Version

- up to 80h of technical support within 1 year

- updates to new software releases within 1 year";#N/A;#N/A;#N/A;#N/A;#N/A;#N/A;License;;no technical license protection;6400;10;50;Fix rate;FALSE;0;none;TRUE
;406;Development License Maintenance (EB robinos);"Extension of the Development Licence and Support Package for another 1 year

(not needed if the product is sold as part of a EB customer project)

includes:

- delivery of the newest Version 

- up to 80h of technical support within 1 year

- updates to new software releases within 1 year";#N/A;#N/A;#N/A;#N/A;#N/A;#N/A;License;;no technical license protection;6400;10;50;Fix rate;FALSE;0;TotalAmountAsUpdateRight;TRUE
;407;"Royalty price per unit (&lt; 200.000 units)";"Royality based invoicing per year. 

 In compliance with paragraph 2.1 of the EB License Terms and Conditions, EB  grants to the customer under the EB Intellectual Property Rights a non-exclusive, worldwide, non-transferable, royalty-bearing license, limited and restricted to a certain amount of target units.";#N/A;#N/A;#N/A;#N/A;#N/A;#N/A;License;;no technical license protection;6400;10;50;Fix rate;TRUE;;none;TRUE
;408;Royalty price per unit  (units 200,001 to 500,000);"Royality based invoicing per year. 

In compliance with paragraph 2.1 of the EB License Terms and Conditions, EB  grants to the customer under the EB Intellectual Property Rights a non-exclusive, worldwide, non-transferable, royalty-bearing license, limited and restricted to a certain amount of target units.";#N/A;#N/A;#N/A;#N/A;#N/A;#N/A;License;;no technical license protection;6400;10;50;Fix rate;TRUE;;none;TRUE
;409;Royalty price per unit (units 500,001 to 1,000,000);"Royality based invoicing per year. 

In compliance with paragraph 2.1 of the EB License Terms and Conditions, EB  grants to the customer under the EB Intellectual Property Rights a non-exclusive, worldwide, non-transferable, royalty-bearing license, limited and restricted to a certain amount of target units.";#N/A;#N/A;#N/A;#N/A;#N/A;#N/A;License;;no technical license protection;6400;10;50;Fix rate;TRUE;;none;TRUE
;410;Royalty price per unit  (units 1,000,001 to 2,000,000);"Royality based invoicing per year. 

In compliance with paragraph 2.1 of the EB License Terms and Conditions, EB  grants to the customer under the EB Intellectual Property Rights a non-exclusive, worldwide, non-transferable, royalty-bearing license, limited and restricted to a certain amount of target units.";#N/A;#N/A;#N/A;#N/A;#N/A;#N/A;License;;no technical license protection;6400;10;50;Fix rate;TRUE;;none;TRUE
;411;Royalty price per unit  (units above 2,000,001);"Royality based invoicing per year. 

In compliance with paragraph 2.1 of the EB License Terms and Conditions, EB  grants to the customer under the EB Intellectual Property Rights a non-exclusive, worldwide, non-transferable, royalty-bearing license, limited and restricted to a certain amount of target units.";#N/A;#N/A;#N/A;#N/A;#N/A;#N/A;License;;no technical license protection;6400;10;50;Fix rate;TRUE;;none;TRUE
;412;Node Locked Evaluation License (EB robinos Reconstructor for EB Assist ADTF);In compliance with paragraph 2.1 of the EB License Terms and Conditions, EB  grants to the customer under the EB Intellectual Property Rights a non-exclusive, worldwide, non-transferable, free temporary license, limited and restricted to a timeframe of six month (with possible extension after that), to a single seat and restricted to non-mass-production projects.;#N/A;#N/A;#N/A;#N/A;#N/A;#N/A;License;;no technical license protection;6400;10;50;Fix rate;FALSE;;none;TRUE
;413;one time license: Target Porting;In compliance with paragraph 2.1 of the EB License Terms and Conditions, EB  grants to the customer under the EB Intellectual Property Rights a non-exclusive, worldwide, non-transferable, fee-bearing license, limited , restricted to a specific project and restricted to the commission target platform.;#N/A;#N/A;#N/A;#N/A;#N/A;#N/A;Porting;;no technical license protection;6500;10;;Calculated;FALSE;;none;TRUE
;414;Development License (EB cadian);"- Right to use EB cadian Sync onboard components for defined integration project

- Hosting of one customer specific server instance incl.:

- warranty and liability

- email support and issue analyzing via Jira queue

- services:

- issue and ticket management

- fixing of errors

- reporting and metrics

- providing support infrastructure

- Includes 80 support hours annually (e.g.:

- advice on efficient usage of EB cadian Sync

- license has to be ordered from SOD until latest SOP of the project

- precondition to apply for project specific optimization

- precondition to apply project specific extension

- does not include Production License";#N/A;#N/A;#N/A;#N/A;#N/A;#N/A;License;;no technical license protection;6400;10;50;Fix rate;TRUE;;UpdateRightByConfiguration;TRUE
;415;Service subscription;"The license is valid for one mass production project of one Tier1 product of the purchasing company and is restricted to one Vehicle OEM and to one Vehicle Model Generation.

EB recognizes correct use, if the license is used according to EB T&C Clause ""2.1.3 Reproduction and Distribution License“ and in addition all of the following conditions are met:

a. The run-time software is used for one Vehicle OEM only.

b. The run-time software is used for one Vehicle Model Generation only.

Additionally the license is valid for the following license parameters:

- Mass production: yes

- Vehicle Model Generation: one, as defined in License Profile above.

- Duration: one year";#N/A;#N/A;#N/A;#N/A;#N/A;#N/A;License;;no technical license protection;6400;10;50;Fix rate;FALSE;;none;TRUE
;416;Client subscription per 1000 units;In compliance with paragraph 2.1 of the EB License Terms and Conditions, EB  grants to the customer under the EB Intellectual Property Rights a non-exclusive, worldwide, non-transferable, royalty-bearing license, limited and restricted to a certain amount of target units per year.;#N/A;#N/A;#N/A;#N/A;#N/A;#N/A;License;;no technical license protection;6400;10;50;Fix rate;FALSE;;none;TRUE
;417;Client subscription per 1000 units (1-250k managed vehicles);In compliance with paragraph 2.1 of the EB License Terms and Conditions, EB  grants to the customer under the EB Intellectual Property Rights a non-exclusive, worldwide, non-transferable, royalty-bearing license, limited and restricted to a certain amount of target units per year.;#N/A;#N/A;#N/A;#N/A;#N/A;#N/A;License;;no technical license protection;6400;10;50;Fix rate;FALSE;;none;TRUE
;418;Client subscription per 1000 units (>50-250k managed vehicles);In compliance with paragraph 2.1 of the EB License Terms and Conditions, EB  grants to the customer under the EB Intellectual Property Rights a non-exclusive, worldwide, non-transferable, royalty-bearing license, limited and restricted to a certain amount of target units per year.;#N/A;#N/A;#N/A;#N/A;#N/A;#N/A;License;;no technical license protection;6400;10;50;Fix rate;FALSE;;none;TRUE
;419;Client subscription per 1000 units (>250-500k managed vehicles);In compliance with paragraph 2.1 of the EB License Terms and Conditions, EB  grants to the customer under the EB Intellectual Property Rights a non-exclusive, worldwide, non-transferable, royalty-bearing license, limited and restricted to a certain amount of target units per year.;#N/A;#N/A;#N/A;#N/A;#N/A;#N/A;License;;no technical license protection;6400;10;50;Fix rate;FALSE;;none;TRUE
;420;Client subscription per 1000 units (>500-1M managed vehicles);In compliance with paragraph 2.1 of the EB License Terms and Conditions, EB  grants to the customer under the EB Intellectual Property Rights a non-exclusive, worldwide, non-transferable, royalty-bearing license, limited and restricted to a certain amount of target units per year.;#N/A;#N/A;#N/A;#N/A;#N/A;#N/A;License;;no technical license protection;6400;10;50;Fix rate;FALSE;;none;TRUE
;421;Client subscription per 1000 units (>1M-3M managed vehicles);In compliance with paragraph 2.1 of the EB License Terms and Conditions, EB  grants to the customer under the EB Intellectual Property Rights a non-exclusive, worldwide, non-transferable, royalty-bearing license, limited and restricted to a certain amount of target units per year.;#N/A;#N/A;#N/A;#N/A;#N/A;#N/A;License;;no technical license protection;6400;10;50;Fix rate;FALSE;;none;TRUE
;422;Client subscription per 1000 units (>3M managed vehicles);In compliance with paragraph 2.1 of the EB License Terms and Conditions, EB  grants to the customer under the EB Intellectual Property Rights a non-exclusive, worldwide, non-transferable, royalty-bearing license, limited and restricted to a certain amount of target units per year.;#N/A;#N/A;#N/A;#N/A;#N/A;#N/A;License;;no technical license protection;6400;10;50;Fix rate;FALSE;;none;TRUE
;423;Flatrate subscription (up to 500k units);"The license is valid for one mass production project of one Tier1 product of the purchasing company and is restricted to one Vehicle OEM

and to one Vehicle Model Generation.

EB recognizes correct use, if the license is used according to EB T&C Clause ""2.1.3 Reproduction and Distribution License“ and in addition all

of the following conditions are met:

a. The run-time software is used for one Vehicle OEM only.

b. The run-time software is used for one Vehicle Model Generation only.

c. The run-time software is used for one Tier1 product only.

d. The run-time software is used in one ECU software version only.

e. The run-time software is used for one HW microcontroller derivate and compiler version only.

Additionally the license is valid for the following license parameters:

- Mass production: yes

- Tier1 product: one, as defined in License Profile above.

- Vehicle OEM: one, as defined in License Profile above.

- Vehicle Model Generation: one, as defined in License Profile above.

- Tier1: one, as defined in License Profile above.

- ECU Software version: one

- μC & compiler: one hw derivate and one compiler, as defined in License Profile above.

- Duration: one year



EB defines a Tier1 product as follows:

a. ECUs of a Tier1 product carry out the same basic control functionality, e.g., Park Assistant, Airbag, Climate Control Unit, Lane Departure

Warning, Wind shield wipers.

b. Variations of the basic control functionalities in the ECUs only reflect the differences of multiple OEM car model generations, for which the

ECUs of a Tier1 product are built for.

EB defines an ECU software version as follows:

a. One specific binary of an ECU software.

b. Variations of the control functionalities for different car models within the platform are implemented in the ECU software by calibration

parameters, calibration tables, pre-compile or pre-build software configuration, only.";#N/A;#N/A;#N/A;#N/A;#N/A;#N/A;License;;no technical license protection;6400;10;50;Fix rate;FALSE;;none;TRUE
;424;Flatrate subscription (>500k up to 1M units);"The license is valid for one mass production project of one Tier1 product of the purchasing company and is restricted to one Vehicle OEM

and to one Vehicle Model Generation.

EB recognizes correct use, if the license is used according to EB T&C Clause ""2.1.3 Reproduction and Distribution License“ and in addition all

of the following conditions are met:

a. The run-time software is used for one Vehicle OEM only.

b. The run-time software is used for one Vehicle Model Generation only.

c. The run-time software is used for one Tier1 product only.

d. The run-time software is used in one ECU software version only.

e. The run-time software is used for one HW microcontroller derivate and compiler version only.

Additionally the license is valid for the following license parameters:

- Mass production: yes

- Tier1 product: one, as defined in License Profile above.

- Vehicle OEM: one, as defined in License Profile above.

- Vehicle Model Generation: one, as defined in License Profile above.

- Tier1: one, as defined in License Profile above.

- ECU Software version: one

- μC & compiler: one hw derivate and one compiler, as defined in License Profile above.

- Duration: one year



EB defines a Tier1 product as follows:

a. ECUs of a Tier1 product carry out the same basic control functionality, e.g., Park Assistant, Airbag, Climate Control Unit, Lane Departure

Warning, Wind shield wipers.

b. Variations of the basic control functionalities in the ECUs only reflect the differences of multiple OEM car model generations, for which the

ECUs of a Tier1 product are built for.

EB defines an ECU software version as follows:

a. One specific binary of an ECU software.

b. Variations of the control functionalities for different car models within the platform are implemented in the ECU software by calibration

parameters, calibration tables, pre-compile or pre-build software configuration, only.";#N/A;#N/A;#N/A;#N/A;#N/A;#N/A;License;;no technical license protection;6400;10;50;Fix rate;FALSE;;none;TRUE
;425;Flatrate subscription (>1M units);"The license is valid for one mass production project of one Tier1 product of the purchasing company and is restricted to one Vehicle OEM

and to one Vehicle Model Generation.

EB recognizes correct use, if the license is used according to EB T&C Clause ""2.1.3 Reproduction and Distribution License“ and in addition all

of the following conditions are met:

a. The run-time software is used for one Vehicle OEM only.

b. The run-time software is used for one Vehicle Model Generation only.

c. The run-time software is used for one Tier1 product only.

d. The run-time software is used in one ECU software version only.

e. The run-time software is used for one HW microcontroller derivate and compiler version only.

Additionally the license is valid for the following license parameters:

- Mass production: yes

- Tier1 product: one, as defined in License Profile above.

- Vehicle OEM: one, as defined in License Profile above.

- Vehicle Model Generation: one, as defined in License Profile above.

- Tier1: one, as defined in License Profile above.

- ECU Software version: one

- μC & compiler: one hw derivate and one compiler, as defined in License Profile above.

- Duration: one year



EB defines a Tier1 product as follows:

a. ECUs of a Tier1 product carry out the same basic control functionality, e.g., Park Assistant, Airbag, Climate Control Unit, Lane Departure

Warning, Wind shield wipers.

b. Variations of the basic control functionalities in the ECUs only reflect the differences of multiple OEM car model generations, for which the

ECUs of a Tier1 product are built for.

EB defines an ECU software version as follows:

a. One specific binary of an ECU software.

b. Variations of the control functionalities for different car models within the platform are implemented in the ECU software by calibration

parameters, calibration tables, pre-compile or pre-build software configuration, only.";#N/A;#N/A;#N/A;#N/A;#N/A;#N/A;License;;no technical license protection;6400;10;50;Fix rate;FALSE;;none;TRUE
;426;Client subscription per 1000 units (up to 500k units);"The license is valid for one mass production project of one Tier1 product of the purchasing company and is restricted to one Vehicle OEM

and to one Vehicle Model Generation.

EB recognizes correct use, if the license is used according to EB T&C Clause ""2.1.3 Reproduction and Distribution License“ and in addition all

of the following conditions are met:

a. The run-time software is used for one Vehicle OEM only.

b. The run-time software is used for one Vehicle Model Generation only.

c. The run-time software is used for one Tier1 product only.

d. The run-time software is used in one ECU software version only.

e. The run-time software is used for one HW microcontroller derivate and compiler version only.

Additionally the license is valid for the following license parameters:

- Mass production: yes

- Tier1 product: one, as defined in License Profile above.

- Vehicle OEM: one, as defined in License Profile above.

- Vehicle Model Generation: one, as defined in License Profile above.

- Tier1: one, as defined in License Profile above.

- ECU Software version: one

- μC & compiler: one hw derivate and one compiler, as defined in License Profile above.

- Duration: one year



EB defines a Tier1 product as follows:

a. ECUs of a Tier1 product carry out the same basic control functionality, e.g., Park Assistant, Airbag, Climate Control Unit, Lane Departure

Warning, Wind shield wipers.

b. Variations of the basic control functionalities in the ECUs only reflect the differences of multiple OEM car model generations, for which the

ECUs of a Tier1 product are built for.

EB defines an ECU software version as follows:

a. One specific binary of an ECU software.

b. Variations of the control functionalities for different car models within the platform are implemented in the ECU software by calibration

parameters, calibration tables, pre-compile or pre-build software configuration, only.";#N/A;#N/A;#N/A;#N/A;#N/A;#N/A;License;;no technical license protection;6400;10;50;Fix rate;FALSE;;none;TRUE
;427;Client subscription per 1000 units (>500k up to 1M units);"The license is valid for one mass production project of one Tier1 product of the purchasing company and is restricted to one Vehicle OEM

and to one Vehicle Model Generation.

EB recognizes correct use, if the license is used according to EB T&C Clause ""2.1.3 Reproduction and Distribution License“ and in addition all

of the following conditions are met:

a. The run-time software is used for one Vehicle OEM only.

b. The run-time software is used for one Vehicle Model Generation only.

c. The run-time software is used for one Tier1 product only.

d. The run-time software is used in one ECU software version only.

e. The run-time software is used for one HW microcontroller derivate and compiler version only.

Additionally the license is valid for the following license parameters:

- Mass production: yes

- Tier1 product: one, as defined in License Profile above.

- Vehicle OEM: one, as defined in License Profile above.

- Vehicle Model Generation: one, as defined in License Profile above.

- Tier1: one, as defined in License Profile above.

- ECU Software version: one

- μC & compiler: one hw derivate and one compiler, as defined in License Profile above.

- Duration: one year



EB defines a Tier1 product as follows:

a. ECUs of a Tier1 product carry out the same basic control functionality, e.g., Park Assistant, Airbag, Climate Control Unit, Lane Departure

Warning, Wind shield wipers.

b. Variations of the basic control functionalities in the ECUs only reflect the differences of multiple OEM car model generations, for which the

ECUs of a Tier1 product are built for.

EB defines an ECU software version as follows:

a. One specific binary of an ECU software.

b. Variations of the control functionalities for different car models within the platform are implemented in the ECU software by calibration

parameters, calibration tables, pre-compile or pre-build software configuration, only.";#N/A;#N/A;#N/A;#N/A;#N/A;#N/A;License;;no technical license protection;6400;10;50;Fix rate;FALSE;;none;TRUE
;428;Client subscription per 1000 units (>1M units);"The license is valid for one mass production project of one Tier1 product of the purchasing company and is restricted to one Vehicle OEM

and to one Vehicle Model Generation.

EB recognizes correct use, if the license is used according to EB T&C Clause ""2.1.3 Reproduction and Distribution License“ and in addition all

of the following conditions are met:

a. The run-time software is used for one Vehicle OEM only.

b. The run-time software is used for one Vehicle Model Generation only.

c. The run-time software is used for one Tier1 product only.

d. The run-time software is used in one ECU software version only.

e. The run-time software is used for one HW microcontroller derivate and compiler version only.

Additionally the license is valid for the following license parameters:

- Mass production: yes

- Tier1 product: one, as defined in License Profile above.

- Vehicle OEM: one, as defined in License Profile above.

- Vehicle Model Generation: one, as defined in License Profile above.

- Tier1: one, as defined in License Profile above.

- ECU Software version: one

- μC & compiler: one hw derivate and one compiler, as defined in License Profile above.

- Duration: one year



EB defines a Tier1 product as follows:

a. ECUs of a Tier1 product carry out the same basic control functionality, e.g., Park Assistant, Airbag, Climate Control Unit, Lane Departure

Warning, Wind shield wipers.

b. Variations of the basic control functionalities in the ECUs only reflect the differences of multiple OEM car model generations, for which the

ECUs of a Tier1 product are built for.

EB defines an ECU software version as follows:

a. One specific binary of an ECU software.

b. Variations of the control functionalities for different car models within the platform are implemented in the ECU software by calibration

parameters, calibration tables, pre-compile or pre-build software configuration, only.";#N/A;#N/A;#N/A;#N/A;#N/A;#N/A;License;;no technical license protection;6400;10;50;Fix rate;FALSE;;none;TRUE
;430;Project License (EB cadian);"The license is valid for one mass production project of one Tier1 product of the purchasing company and is restricted to one Vehicle OEM and to one Vehicle Model Generation.

EB recognizes correct use, if the license is used according to EB T&C Clause ""2.1.3 Reproduction and Distribution License“ and in addition all of the following conditions are met:

a. The run-time software is used for one Vehicle OEM only.

B. The run-time software is used for one Vehicle Model Generation only.

Additionally the license is valid for the following license parameters:

- Mass production: yes

- Vehicle OEM: one, as defined in License Profile above.

- Duration: perpetual";#N/A;#N/A;#N/A;#N/A;#N/A;#N/A;License;;no technical license protection;6400;10;50;Fix rate;TRUE;;UpdateRightByConfiguration;TRUE
;431;Node Locked License Maintenance Extension, Run-time (EB Assist ADTF Toolboxes);"

- Per seat;

-Includes free UPDATES to new product versions within the same primary version number for 12 months.

-Applies to ADTF 2 - Calibration Toolbox or ADTF 2 – ML/SL Toolbox";#N/A;#N/A;#N/A;#N/A;#N/A;#N/A;License;;no technical license protection;;10;50;Fix rate;TRUE;;none;TRUE
;432;Floating License, Development (EB Assist ADTF 2);"- Perpetual, concurrent DEVELOPMENT LICENSE per seat

- Includes 20h Support  for the first year

- Includes all standard toolboxes";#N/A;#N/A;#N/A;#N/A;#N/A;#N/A;License;;ADTF Floating License File;6400;10;;Calculated;TRUE;20;none;TRUE
;433;Node Locked License, Run-time (EB Assist ADTF 2);#NAME?;#N/A;#N/A;#N/A;#N/A;#N/A;#N/A;License;;ADTF Node-Locked License File;6400;10;;Calculated;TRUE;;none;TRUE
;434;Floating License, Run-time (EB Assist ADTF 2);"- Perpetual, concurrent RUN-TIME LICENSE per seat

- Includes all standard toolboxes";#N/A;#N/A;#N/A;#N/A;#N/A;#N/A;License;;ADTF Floating License File;6400;10;;Calculated;TRUE;;none;TRUE
;435;Node Locked License, Development, 3 months (EB Assist ADTF 2);"- DEVELOPMENT LICENSE per seat

- Includes 3h Support

- Includes all standard toolboxes";#N/A;#N/A;#N/A;#N/A;#N/A;#N/A;License;;ADTF Node-Locked License File;6400;10;;Calculated;FALSE;3;none;TRUE
;436;Node Locked License, Development, 6 months (EB Assist ADTF 2);"- DEVELOPMENT LICENSE per seat

- Includes 5h Support

- Includes all standard toolboxes";#N/A;#N/A;#N/A;#N/A;#N/A;#N/A;License;;ADTF Node-Locked License File;6400;10;;Calculated;FALSE;5;none;TRUE
;437;Node Locked License, Development, 12 months (EB Assist ADTF 2);"- DEVELOPMENT LICENSE per seat

- Includes 10h Support

- Includes all standard toolboxes";#N/A;#N/A;#N/A;#N/A;#N/A;#N/A;License;;ADTF Node-Locked License File;6400;10;;Calculated;FALSE;10;none;TRUE
;438;Node Locked License, Run-time, 3 months (EB Assist ADTF 2);#NAME?;#N/A;#N/A;#N/A;#N/A;#N/A;#N/A;License;;ADTF Node-Locked License File;6400;10;;Calculated;FALSE;;none;TRUE
;439;Node Locked License, Run-time, 6 months (EB Assist ADTF 2);#NAME?;#N/A;#N/A;#N/A;#N/A;#N/A;#N/A;License;;ADTF Node-Locked License File;6400;10;;Calculated;FALSE;;none;TRUE
;440;Node Locked License, Run-time, 12 months (EB Assist ADTF 2);#NAME?;#N/A;#N/A;#N/A;#N/A;#N/A;#N/A;License;;ADTF Node-Locked License File;6400;10;;Calculated;FALSE;;none;TRUE
;441;Node Locked License, Development (EB Assist ADTF 2 Toolbox);#NAME?;#N/A;#N/A;#N/A;#N/A;#N/A;#N/A;License;;ADTF Node-Locked License File;6400;10;;Calculated;TRUE;;none;TRUE
;442;Floating License, Development (EB Assist ADTF 2 Toolboxes);- Perpetual, concurrent DEVELOPMENT LICENSE per seat;#N/A;#N/A;#N/A;#N/A;#N/A;#N/A;License;;ADTF Floating License File;6400;10;;Calculated;TRUE;;none;TRUE
;443;Node Locked License, Run-time (EB Assist ADTF 2 Toolbox);#NAME?;#N/A;#N/A;#N/A;#N/A;#N/A;#N/A;License;;ADTF Node-Locked License File;6400;10;;Calculated;TRUE;;none;TRUE
;444;Floating License, Run-time (EB Assist ADTF 2 Toolboxes);- Perpetual, concurrent RUN-TIME LICENSE per seat;#N/A;#N/A;#N/A;#N/A;#N/A;#N/A;License;;ADTF Floating License File;6400;10;;Calculated;TRUE;;none;TRUE
;445;Node Locked License, Development (EB Assist ADTF 2);"- Perpetual DEVELOPMENT LICENSE per seat

- Includes 20h Support for the first year

- Includes all standard toolboxes";#N/A;#N/A;#N/A;#N/A;#N/A;#N/A;License;;ADTF Node-Locked License File;6400;10;;Calculated;TRUE;20;none;TRUE
yes;446;Node-Locked License, Development (EB Assist ADTF 3);"- Developer License – Node Locked (as defined in ""EB Assist License Terms"") 
- Including MAINTENANCE (as defined on page ""Definitions"") 
- Includes 10-hour Elektrobit product-related support by phone or support portal. Quota valid for 12 months";perpetual;12 months;FINALIZED PURCHASE PROCESS + 2 weeks;One-time payment;With FINAL DELIVERY;n/a;License;;FlexNet Publisher Application Activation Code;6400;10;;Calculated;TRUE;10;UpdateRightByConfiguration;TRUE
yes;447;Node-Locked License Maintenance, Development (EB Assist ADTF 3);"- Extension of MAINTENANCE duration (as defined on page ""Definitions"") 
- Valid for existing Developer License – Node Locked (as defined in ""EB Assist License Terms"") 
- Includes 10-hour Elektrobit product-related support by phone or support portal. Quota valid for 12 months";n/a;12 months;n/a;Annual payment;Anually at the beginning of the extended period;n/a;License;;FlexNet Publisher Application Activation Code;6400;10;;Calculated;FALSE;10;TotalAmountAsUpdateRight;TRUE
yes;448;Floating License, Development (EB Assist ADTF 3);"- Developer License – Floating per seat (as defined in ""EB Assist License Terms"") 
- Including MAINTENANCE (as defined on page ""Definitions"") 
- Includes 10-hour Elektrobit product-related support by phone or support portal. Quota valid for 12 months";perpetual;12 months;FINALIZED PURCHASE PROCESS + 2 weeks;One-time payment;With FINAL DELIVERY;n/a;License;;FlexNet Publisher Server Activation Code;6400;10;;Calculated;TRUE;10;UpdateRightByConfiguration;TRUE
yes;449;Floating License Maintenance, Development (EB Assist ADTF 3);"- Extension of MAINTENANCE duration (as defined on page ""Definitions"") 
- Valid for existing Developer License – Floating per seat (as defined in ""EB Assist License Terms"") 
- Includes 10-hour Elektrobit product-related support by phone or support portal. Quota valid for 12 months";n/a;12 months;n/a;Annual payment;Anually at the beginning of the extended period;n/a;License;;FlexNet Publisher Server Activation Code;6400;10;;Calculated;FALSE;10;TotalAmountAsUpdateRight;TRUE
yes;450;Node-Locked License, Run-time (EB Assist ADTF 3);"- Runtime License – Node Locked (as defined in ""EB Assist License Terms"")
- Including MAINTENANCE (as defined on page ""Definitions"")";perpetual;12 months;FINALIZED PURCHASE PROCESS + 2 weeks;One-time payment;With FINAL DELIVERY;n/a;License;;FlexNet Publisher Application Activation Code;6400;10;;Calculated;TRUE;;UpdateRightByConfiguration;TRUE
yes;451;Node-Locked License Maintenance, Run-time (EB Assist ADTF 3);"- Extension of MAINTENANCE duration (as defined on page ""Definitions"")
- Valid for existing Runtime License – Node Locked (as defined in ""EB Assist License Terms"")";n/a;12 months;n/a;Annual payment;Anually at the beginning of the extended period;n/a;License;;FlexNet Publisher Application Activation Code;6400;10;;Calculated;FALSE;;TotalAmountAsUpdateRight;TRUE
yes;452;Floating License, Run-time (EB Assist ADTF 3);"- Runtime License – Floating per seat (as defined in ""EB Assist License Terms"")
- Including MAINTENANCE (as defined on page ""Definitions"")";perpetual;12 months;FINALIZED PURCHASE PROCESS + 2 weeks;One-time payment;With FINAL DELIVERY;n/a;License;;FlexNet Publisher Server Activation Code;6400;10;;Calculated;TRUE;;UpdateRightByConfiguration;TRUE
yes;453;Floating License Maintenance, Run-time (EB Assist ADTF 3);"- Extension of MAINTENANCE duration (as defined on page ""Definitions"")
- Valid for existing Runtime License – Floating per seat (as defined in ""EB Assist License Terms"")";n/a;12 months;n/a;Annual payment;Anually at the beginning of the extended period;n/a;License;;FlexNet Publisher Server Activation Code;6400;10;;Calculated;FALSE;;TotalAmountAsUpdateRight;TRUE
;454;Node Locked License Maintenance Extension, Developer (EB Assist ADTF Toolboxes);"-Per seat

-Includes free UPDATES to new product versions within the same primary version number for 12 months.

-Applies to ADTF 2 - Calibration Toolbox or ADTF 2 – ML/SL Toolbox";#N/A;#N/A;#N/A;#N/A;#N/A;#N/A;License;;ADTF Node-Locked License File;6400;10;;Calculated;TRUE;;TotalAmountAsUpdateRight;TRUE
;455;Floating License Maintenance Extension, Developer (EB Assist ADTF Toolboxes);"-Per seat

-Includes free UPDATES to new product versions within the same primary version number for 12 months

-Applies to ADTF 2 - Calibration Toolbox or ADTF 2 – ML/SL Toolbox";#N/A;#N/A;#N/A;#N/A;#N/A;#N/A;License;;ADTF Floating License File;6400;10;;Calculated;TRUE;;TotalAmountAsUpdateRight;TRUE
;456;Floating License Maintenance Extension, Run-time (EB Assist ADTF Toolboxes);"-Per seat

-Includes free UPDATES to new product versions within the same primary version number for 12 months

-Applies to ADTF 2 - Calibration Toolbox or ADTF 2 – ML/SL Toolbox";#N/A;#N/A;#N/A;#N/A;#N/A;#N/A;License;;ADTF Floating License File;6400;10;;Calculated;TRUE;;TotalAmountAsUpdateRight;TRUE
;457;Node Locked License Migration, Development (EB Assist ADTF);"- Migration perpetual DEVELOPMENT LICENSE ADTF-2 to ADTF-3 per seat

- Necessary prerequisite is a maintenance contract for ADTF-2 not ending before 1st of January 2019

- Includes free UPDATES to new product versions for one year starting with the end date of maintenance contract for ADTF-2

- Includes 10h Support for the first year

- Includes all standard toolboxes";#N/A;#N/A;#N/A;#N/A;#N/A;#N/A;License;;ADTF Node-Locked License File;6400;10;;Calculated;TRUE;10;UpdateRightByConfiguration;TRUE
;458;Floating License Migration, Development (EB Assist ADTF);"- Migration perpetual concurrent DEVELOPMENT LICENSE ADTF-2 to ADTF-3 per seat

- Necessary prerequisite is a maintenance contract for ADTF-2 not ending before 1st of January 2019

- Includes free UPDATES to new product versions for one year starting with the end date of maintenance contract for ADTF-2

- Includes 10h Support for the first year

- Includes all standard toolboxes";#N/A;#N/A;#N/A;#N/A;#N/A;#N/A;License;;FlexNet Publisher Server Activation Code;6400;10;;Calculated;TRUE;10;UpdateRightByConfiguration;TRUE
yes;459;Training;"- Information about Elektrobit training courses can be found on our website https://www.elektrobit.com/trainings/ 
- General training terms apply as defined in Elektrobit T&C for Training (Version 1.2 / July 2023)";n/a;n/a;In mutual alignment with the project;One-time payment;With FINAL DELIVERY;n/a;Training;;no technical license protection;6400;10;;Calculated;FALSE;;none;TRUE
;460;Royalty Price per unit;;#N/A;#N/A;#N/A;#N/A;#N/A;#N/A;License;;no technical license protection;6400;10;50;Fix rate;FALSE;;none;TRUE
;461;Node Locked License, Development (EB Assist Test Lab);;#N/A;#N/A;#N/A;#N/A;#N/A;#N/A;License;;FlexNet Publisher Application Activation Code;6400;10;50;Fix rate;TRUE;;none;TRUE
;462;Floating License, Development (EB Assist Test Lab);;#N/A;#N/A;#N/A;#N/A;#N/A;#N/A;License;;FlexNet Publisher Server Activation Code;6400;10;50;Fix rate;TRUE;;none;TRUE
;463;Cloud License (EB Assist Test Lab);;#N/A;#N/A;#N/A;#N/A;#N/A;#N/A;License;;no technical license protection;6400;10;50;Fix rate;TRUE;;none;TRUE
;464;Node Locked License, Development (EB Assist ADTF 3 Toolbox);;#N/A;#N/A;#N/A;#N/A;#N/A;#N/A;License;;FlexNet Publisher Application Activation Code;6400;10;;Calculated;TRUE;;none;TRUE
;465;Floating License, Development (EB Assist ADTF 3 Toolbox);;#N/A;#N/A;#N/A;#N/A;#N/A;#N/A;License;;FlexNet Publisher Server Activation Code;6400;10;;Calculated;TRUE;;none;TRUE
;466;EB TOOLING DEVELOPMENT LICENSE STUDIO - 1 SEAT;"DEVELOPMENT LICENSE including:

- EB GUIDE Version: 6.x

- EB GUIDE Studio Speech Extension incl. Language Package

- Number of seats: 1 seat

- Limitation in time: 12 months

- Support and Service: Includes update right 

- Source Code Disclosure: not available





Comment: Please delete ""EB GUIDE Studio Speech Extension incl. Language Package"" for versions of EB GUIDE 6 from 6.9 (i.e. Speech Extension is only included for 6.0 - 6.8)";#N/A;#N/A;#N/A;#N/A;#N/A;#N/A;License;;no technical license protection;6400;10;50;Fix rate;FALSE;;UpdateRightByConfiguration;TRUE
;467;Consulting;;#N/A;#N/A;#N/A;#N/A;#N/A;#N/A;Training;;no technical license protection;6400;10;;Calculated;FALSE;0;none;TRUE
yes;468;Qualification Package;Product Update / Compiler Version Update;#N/A;#N/A;#N/A;#N/A;#N/A;#N/A;Qualification Package;;no technical license protection;6500;10;;Calculated;FALSE;;none;TRUE
;469;Project License (EB cadian) per 1000 units;"The license is valid for one mass production project of one Tier1 product of the purchasing company and is restricted to one Vehicle OEM and to one Vehicle Model Generation.

EB recognizes correct use, if the license is used according to EB T&C Clause ""2.1.3 Reproduction and Distribution License“ and in addition all of the following conditions are met:

a. The run-time software is used for one Vehicle OEM only.

B. The run-time software is used for one Vehicle Model Generation only.

Additionally the license is valid for the following license parameters:

- Mass production: yes

- Vehicle OEM: one, as defined in License Profile above.

- Duration: perpetual";#N/A;#N/A;#N/A;#N/A;#N/A;#N/A;License;;no technical license protection;6400;10;50;Fix rate;TRUE;;UpdateRightByConfiguration;TRUE
;470;Infineon Project License;"Project License (including 1 year Maintenance)



- for one project e.g. front body controller at one OEM";#N/A;#N/A;#N/A;#N/A;#N/A;#N/A;License;;no technical license protection;6400;10;50;Fix rate;TRUE;0;#N/A;TRUE
;471;Infineon Development License (additional 1,5 years);"Development license (additional 1,5 years including Maintenance)

- for additional 1,5 years for one project e.g. front body controller at one OEM (this amount is credited when upgrading to a Project License)

- can only be ordered to extend an existing Development License";#N/A;#N/A;#N/A;#N/A;#N/A;#N/A;License;;no technical license protection;6400;10;50;Fix rate;TRUE;0;#N/A;TRUE
yes;472;Support package (EB Assist);- Elektrobit product-related support by phone or email. Quota valid for 12 months;3 months;n/a;n/a;One-time payment;With FINALIZED PURCHASE PROCESS;n/a;Product related service without profile;;no technical license protection;6400;10;;Calculated;TRUE;0;none;TRUE
;473;Porting Package - With Safety Approval;Porting package to support a new derivative of an existing MCU family and/or a new feature set and/or a new compiler version/options. This package includes a safety qualification with safety approval from EB.;#N/A;#N/A;#N/A;#N/A;#N/A;#N/A;Porting;;no technical license protection;6500;10;;Calculated;FALSE;0;none;TRUE
;474;Porting Package - Without Safety Approval;Porting package to support a new derivative of an existing MCU family and/or a new feature set and/or a new compiler version/options. This package does not include a safety qualification and therefore, without safety approval from EB.;#N/A;#N/A;#N/A;#N/A;#N/A;#N/A;Porting;;no technical license protection;6500;10;;Calculated;FALSE;0;none;TRUE
;475;Pay-per-Use;Pay-per-Use License. Actual cost is calculated monthly, based on the real product usage.;#N/A;#N/A;#N/A;#N/A;#N/A;#N/A;License;;no technical license protection;6400;10;50;Fix rate;FALSE;0;none;TRUE
;476;Subscription;;#N/A;#N/A;#N/A;#N/A;#N/A;#N/A;License;;no technical license protection;6400;10;50;Fix rate;FALSE;0;UpdateRightByConfiguration;TRUE
;477;Support & Maintenance package;"- Includes software upgrades, updates and patch releases for one year

- Includes 10 hours Q&A support for 12 months

- Support via email and phone";#N/A;#N/A;#N/A;#N/A;#N/A;#N/A;License;;no technical license protection;6400;10;50;Fix rate;FALSE;0;TotalAmountAsUpdateRight;TRUE
;478;"Infineon Support and Maintenance for Development License&nbsp;(second half - first year)";Support includes delivery of Updates of the INFINEON Software on availability. Support is limited to 10 hours per year. Support fees will be invoiced in advance for a period of six months per customer.;#N/A;#N/A;#N/A;#N/A;#N/A;#N/A;License;;no technical license protection;6400;10;50;Fix rate;FALSE;;none;TRUE
;479;"Infineon Support and Maintenance for Development and Reproduction License&nbsp;(second half - first year)";Support includes delivery of Updates of the INFINEON Software on availability. Support is limited to 10 hours per year. Support fees will be invoiced in advance for a period of six months per customer.;#N/A;#N/A;#N/A;#N/A;#N/A;#N/A;License;;no technical license protection;6400;10;50;Fix rate;FALSE;;none;TRUE
;480;Infineon Support and Maintenance for Development and Reproduction License (6 months);Support includes delivery of Updates of the INFINEON Software on availability. Support is limited to 7.5 hours (15 hours per year). Support fees will be invoiced in advance for a period of six months per customer.;#N/A;#N/A;#N/A;#N/A;#N/A;#N/A;License;;no technical license protection;6400;10;;Calculated;FALSE;0;none;TRUE
yes;481;Infineon Support and Maintenance for Development License;"- THIRD-PARTY COMPONENT (as defined in Elektrobit T&C) 
- Terms of Use according to Infineon Technologies AG (as defined in Terms of Use https://www.infineon.com/cms/en/about-infineon/usage-terms/) 
- Specification defined in section ""Products and services"" 
- Includes 15-hour Elektrobit product-related support by phone or support portal. Quota valid for 12 months";n/a;12 months;n/a;Annual payment;Anually at the beginning of the extended period;n/a;License;;no technical license protection;6400;10;;Calculated;FALSE;15;TotalAmountAsUpdateRight;TRUE
yes;482;Single-User License - Subscription;"- Single-User License (as defined in Elektrobit T&C)
- Including MAINTENANCE (as defined on page ""Definitions"")
- Annual subscription will be automatically renewed if not terminated three months prior to expiration.";12 months / yearly automatically renewed;12 months / yearly automatically renewed;FINALIZED PURCHASE PROCESS + 2 weeks;Annual subscription;First payment due after FINAL DELIVERY / Recurring payment based on LICENSE PERIOD;Elektrobit Tooling Licence;License;;FlexNet Publisher Application Activation Code;6400;10;50;Fix rate;FALSE;;UpdateRightByConfiguration;TRUE
yes;483;Floating License - Subscription;"- Floating License per seat (as defined in Elektrobit T&C)
- Including MAINTENANCE (as defined on page ""Definitions"")
- Annual subscription will be automatically renewed if not terminated three months prior to expiration.";12 months / yearly automatically renewed;12 months / yearly automatically renewed;FINALIZED PURCHASE PROCESS + 2 weeks;Annual subscription;First payment due after FINAL DELIVERY / Recurring payment based on LICENSE PERIOD;Elektrobit Tooling Licence;License;;FlexNet Publisher Server Activation Code;6400;10;50;Fix rate;FALSE;;UpdateRightByConfiguration;TRUE
;484;Subscription + Royalty Price per unit;It is a combination of an active development subscription plus royalties per unit.;#N/A;#N/A;#N/A;#N/A;#N/A;#N/A;License;;no technical license protection;6400;10;50;Fix rate;FALSE;0;UpdateRightByConfiguration;TRUE
;485;"Royalty price per unit (&lt; 10.000 units per year)";"Royality based invoicing per year. 

In compliance with paragraph 2.1 of the EB License Terms and Conditions, EB  grants to the customer under the EB Intellectual Property Rights a non-exclusive, worldwide, non-transferable, royalty-bearing license, limited and restricted to a certain amount of target units.";#N/A;#N/A;#N/A;#N/A;#N/A;#N/A;License;;no technical license protection;6400;10;50;Fix rate;TRUE;;none;TRUE
;486;Royalty price per unit (units 10,001 to 20,000 per year);"Royality based invoicing per year. 

In compliance with paragraph 2.1 of the EB License Terms and Conditions, EB  grants to the customer under the EB Intellectual Property Rights a non-exclusive, worldwide, non-transferable, royalty-bearing license, limited and restricted to a certain amount of target units.";#N/A;#N/A;#N/A;#N/A;#N/A;#N/A;License;;no technical license protection;6400;10;50;Fix rate;TRUE;;none;TRUE
;487;Royalty price per unit (units 20,001 to 40,000 per year);"Royality based invoicing per year. 

In compliance with paragraph 2.1 of the EB License Terms and Conditions, EB  grants to the customer under the EB Intellectual Property Rights a non-exclusive, worldwide, non-transferable, royalty-bearing license, limited and restricted to a certain amount of target units.";#N/A;#N/A;#N/A;#N/A;#N/A;#N/A;License;;no technical license protection;6400;10;50;Fix rate;TRUE;;none;TRUE
;488;Royalty price per unit (units 40,001 to 80,000 per year);"Royality based invoicing per year. 

In compliance with paragraph 2.1 of the EB License Terms and Conditions, EB  grants to the customer under the EB Intellectual Property Rights a non-exclusive, worldwide, non-transferable, royalty-bearing license, limited and restricted to a certain amount of target units.";#N/A;#N/A;#N/A;#N/A;#N/A;#N/A;License;;no technical license protection;6400;10;50;Fix rate;TRUE;;none;TRUE
;489;Royalty price per unit (units 80,001 to 160,000 per year);"Royality based invoicing per year. 

In compliance with paragraph 2.1 of the EB License Terms and Conditions, EB  grants to the customer under the EB Intellectual Property Rights a non-exclusive, worldwide, non-transferable, royalty-bearing license, limited and restricted to a certain amount of target units.";#N/A;#N/A;#N/A;#N/A;#N/A;#N/A;License;;no technical license protection;6400;10;50;Fix rate;TRUE;;none;TRUE
;490;Royalty price per unit (units 160,001 to 320,000 per year);"Royality based invoicing per year. 

In compliance with paragraph 2.1 of the EB License Terms and Conditions, EB  grants to the customer under the EB Intellectual Property Rights a non-exclusive, worldwide, non-transferable, royalty-bearing license, limited and restricted to a certain amount of target units.";#N/A;#N/A;#N/A;#N/A;#N/A;#N/A;License;;no technical license protection;6400;10;50;Fix rate;TRUE;;none;TRUE
;491;Royalty price per unit (units above 320,001 per year);"Royality based invoicing per year. 

In compliance with paragraph 2.1 of the EB License Terms and Conditions, EB  grants to the customer under the EB Intellectual Property Rights a non-exclusive, worldwide, non-transferable, royalty-bearing license, limited and restricted to a certain amount of target units.";#N/A;#N/A;#N/A;#N/A;#N/A;#N/A;License;;no technical license protection;6400;10;50;Fix rate;TRUE;;none;TRUE
;492;"Royalty price per unit (&lt; 200 units per year)";"Royality based invoicing per year. 

In compliance with paragraph 2.1 of the EB License Terms and Conditions, EB  grants to the customer under the EB Intellectual Property Rights a non-exclusive, worldwide, non-transferable, royalty-bearing license, limited and restricted to a certain amount of target units.";#N/A;#N/A;#N/A;#N/A;#N/A;#N/A;License;;no technical license protection;6400;10;50;Fix rate;TRUE;;none;TRUE
;493;Royalty price per unit (units 201 to 400 per year);"Royality based invoicing per year. 

In compliance with paragraph 2.1 of the EB License Terms and Conditions, EB  grants to the customer under the EB Intellectual Property Rights a non-exclusive, worldwide, non-transferable, royalty-bearing license, limited and restricted to a certain amount of target units.";#N/A;#N/A;#N/A;#N/A;#N/A;#N/A;License;;no technical license protection;6400;10;50;Fix rate;TRUE;;none;TRUE
;494;Royalty price per unit (units 401 to 800 per year);"Royality based invoicing per year. 

In compliance with paragraph 2.1 of the EB License Terms and Conditions, EB  grants to the customer under the EB Intellectual Property Rights a non-exclusive, worldwide, non-transferable, royalty-bearing license, limited and restricted to a certain amount of target units.";#N/A;#N/A;#N/A;#N/A;#N/A;#N/A;License;;no technical license protection;6400;10;50;Fix rate;TRUE;;none;TRUE
;495;Royalty price per unit (units 801 to 1,600 per year);"Royality based invoicing per year. 

In compliance with paragraph 2.1 of the EB License Terms and Conditions, EB  grants to the customer under the EB Intellectual Property Rights a non-exclusive, worldwide, non-transferable, royalty-bearing license, limited and restricted to a certain amount of target units.";#N/A;#N/A;#N/A;#N/A;#N/A;#N/A;License;;no technical license protection;6400;10;50;Fix rate;TRUE;;none;TRUE
;496;Royalty price per unit (units 1,601 to 3,200 per year);"Royality based invoicing per year. 

In compliance with paragraph 2.1 of the EB License Terms and Conditions, EB  grants to the customer under the EB Intellectual Property Rights a non-exclusive, worldwide, non-transferable, royalty-bearing license, limited and restricted to a certain amount of target units.";#N/A;#N/A;#N/A;#N/A;#N/A;#N/A;License;;no technical license protection;6400;10;50;Fix rate;TRUE;;none;TRUE
;497;Royalty price per unit (units 3,201 to 10,000 per year);"Royality based invoicing per year. 

In compliance with paragraph 2.1 of the EB License Terms and Conditions, EB  grants to the customer under the EB Intellectual Property Rights a non-exclusive, worldwide, non-transferable, royalty-bearing license, limited and restricted to a certain amount of target units.";#N/A;#N/A;#N/A;#N/A;#N/A;#N/A;License;;no technical license protection;6400;10;50;Fix rate;TRUE;;none;TRUE
;498;Royalty price per unit (units above 10,001 year);"Royality based invoicing per year. 

In compliance with paragraph 2.1 of the EB License Terms and Conditions, EB  grants to the customer under the EB Intellectual Property Rights a non-exclusive, worldwide, non-transferable, royalty-bearing license, limited and restricted to a certain amount of target units.";#N/A;#N/A;#N/A;#N/A;#N/A;#N/A;License;;no technical license protection;6400;10;50;Fix rate;TRUE;;none;TRUE
;499;Driver - Qualification Package - Compiler Options;Qualification of the Driver with custom compiler options. No adaptation of the Driver source code included.;#N/A;#N/A;#N/A;#N/A;#N/A;#N/A;Porting;;no technical license protection;6500;10;0;Calculated;FALSE;0;none;TRUE
;500;Driver - Porting Package – Compiler Version Update;Porting of the Driver to support a new compiler version including qualification tests.;#N/A;#N/A;#N/A;#N/A;#N/A;#N/A;Porting;;no technical license protection;6500;10;0;Calculated;FALSE;0;none;TRUE
;501;Driver - Porting Package - Compiler;Porting of the Driver to support a new compiler including qualification tests.;#N/A;#N/A;#N/A;#N/A;#N/A;#N/A;Porting;;no technical license protection;6500;10;0;Calculated;FALSE;0;none;TRUE
;502;Driver - Porting Package - MCU Derivative;Porting of the Driver to support a new derivative of an existing MCU family including qualification tests.;#N/A;#N/A;#N/A;#N/A;#N/A;#N/A;Porting;;no technical license protection;6500;10;0;Calculated;FALSE;0;none;TRUE
;503;Driver - Porting Package - MCU Family;Porting of the Driver to support a new MCU family including qualification tests.;#N/A;#N/A;#N/A;#N/A;#N/A;#N/A;Porting;;no technical license protection;6500;10;0;Calculated;FALSE;0;none;TRUE
yes;504;Third-party License;"- THIRD-PARTY COMPONENT (as defined in Elektrobit T&C)
- Third-party license according to product description & T&C of third-party company";perpetual;n/a;FINALIZED PURCHASE PROCESS + 2 weeks;One-time payment;With FINAL DELIVERY;n/a;License;;no technical license protection;6400;10;;Calculated;TRUE;;none;TRUE
yes;505;Support Package;;n/a;n/a;In mutual alignment with the project;Monthly based on effort;Monthly based on effort;n/a;Product related service without profile;;no technical license protection;0;0;;Calculated;FALSE;;none;TRUE
yes;506;Development Maintenance for Company License for OEM;"- Extension of MAINTENANCE duration (as defined on page ""Definitions"")
- Valid for existing Company License for OEM

Please note:
- Updates and bugfixes are provided for the latest software version only.
- Tested only with the latest software version of related products (e.g., ELEKTROBIT TOOLING).";n/a;12 months;n/a;Annual payment;Anually at the beginning of the extended period;n/a;License;;no technical license protection;6400;10;50;Fix rate;FALSE;;TotalAmountAsUpdateRight;TRUE
yes;507;BSP - standard µC;Board support package for a standard µC platform according to C focus list;n/a;n/a;In mutual alignment with the project;One-time payment;With FINAL DELIVERY;n/a;Integration Package;;no technical license protection;0;10;;Calculated;FALSE;;none;TRUE
yes;508;BSP - non-standard µC;Board support package for a non-standard µC platform according to µ focus list;n/a;n/a;In mutual alignment with the project;One-time payment;With FINAL DELIVERY;n/a;Integration Package;;no technical license protection;0;10;;Calculated;FALSE;;none;TRUE
yes;509;Single-User License (EB Assist);- Single-User License (as defined in Elektrobit T&C);perpetual;n/a;FINALIZED PURCHASE PROCESS + 2 weeks;One-time payment;With FINAL DELIVERY;Elektrobit Tooling Licence;License;;FlexNet Publisher Application Activation Code;0;10;50;Fix rate;TRUE;;none;TRUE
yes;510;Dongled License (EB Assist);- Dongled License (as defined in Elektrobit T&C);perpetual;n/a;FINALIZED PURCHASE PROCESS + 2 weeks;One-time payment;With FINAL DELIVERY;Elektrobit Tooling Licence;License;;FlexNet Publisher Dongle License File;0;10;50;Fix rate;TRUE;;none;TRUE
yes;511;Floating License (EB Assist);- Floating License per seat (as defined in Elektrobit T&C);perpetual;n/a;FINALIZED PURCHASE PROCESS + 2 weeks;One-time payment;With FINAL DELIVERY;Elektrobit Tooling Licence;License;;FlexNet Publisher Server Activation Code;0;10;50;Fix rate;TRUE;;none;TRUE
yes;512;Information;"Specific information can be found in section ""Products and services"".";n/a;n/a;n/a;n/a;n/a;n/a;License;;no technical license protection;0;10;;Calculated;FALSE;;none;TRUE
yes;513;Infineon Evaluation License (3 months);"Further specifications can be found in the related ""Evaluation license agreement"" which need to be signed by CUSTOMER and Elektrobit.";3 months;n/a;FINALIZED PURCHASE PROCESS + 2 weeks;One-time payment;With FINAL DELIVERY;n/a;License;;no technical license protection;6400;10;;Calculated;FALSE;;none;TRUE
yes;514;Development License - Subscription;"- Annual subscription will be automatically renewed if not terminated three months prior to expiration. 
- Including MAINTENANCE (as defined on page ""Definitions"") 
 
Additionally, the restrictions according to the LICENSE PROFILE defined on page ""Scope of license"" apply.";12 months / yearly automatically renewed;12 months / yearly automatically renewed;FINALIZED PURCHASE PROCESS + 2 weeks;Annual subscription;First payment due after FINAL DELIVERY / Recurring payment based on LICENSE PERIOD;Development License;License;;no technical license protection;0;10;;Fix rate;FALSE;30;UpdateRightByConfiguration;TRUE
yes;515;Production License - per Unit;"- Invoicing based on produced unit
- Price level based on annually produced volume

Additionally, the restrictions according to the LICENSE PROFILE defined on page ""Scope of license"" apply.";perpetual;n/a;n/a;Per unit;Monthly based on units;Reproduction and Distribution License;License;;no technical license protection;0;10;;Fix rate;TRUE;;none;TRUE
;516;Production License - One-Time-Payment;"- REPRODUCTION AND DISTRIBUTION LICENSE according to the defined TARGET ENVIRONMENT (as defined in Elektrobit T&C)

- One-Time Payment for the defined production scenario as defined in the quote

- LICENSEE acknowledges and agrees that neither the LICENSED PRODUCT nor the RUNTIME SOFTWARE or GENERATED SOFTWARE may be used in any series production unless explicitly released for series production by EB.";#N/A;#N/A;#N/A;#N/A;#N/A;#N/A;License;;no technical license protection;0;10;;#N/A;TRUE;0;none;TRUE
yes;517;Production License - Subscription per Unit;"- Invoicing based on cumulated produced units
- Annual subscription will be automatically renewed if not terminated three months prior to expiration.
- Including MAINTENANCE (as defined on page ""Definitions"")

Additionally, the restrictions according to the LICENSE PROFILE defined on page ""Scope of license"" apply.";12 months / yearly automatically renewed;12 months / yearly automatically renewed;n/a;Annual subscription;Yearly based on units;Reproduction and Distribution License;License;;no technical license protection;0;10;;Fix rate;FALSE;;UpdateRightByConfiguration;TRUE
yes;518;Maintenance - Subscription per Unit;"- Installation of MAINTENANCE period (as defined on page ""Definitions"")
- Provides the security vulnerability and bug fixes and the right to deploy it to production version software.
- Valid for existing Production License – Subscription per Unit
- Invoicing based on cumulated produced units
- Annual subscription will be automatically renewed if not terminated three months prior to expiration.

Additionally, the restrictions according to the LICENSE PROFILE defined on page ""Scope of license"" apply.";n/a;12 months / yearly automatically renewed;n/a;Annual subscription;Yearly based on units;n/a;License;;no technical license protection;0;10;;Fix rate;FALSE;;TotalAmountAsUpdateRight;TRUE
yes;519;Maintenance - Subscription;"- Installation of MAINTENANCE period (as defined on page ""Definitions"") 
- Provides the security vulnerability and bug fixes and the right to deploy it to production version software 
- Valid for existing Production License – Royalty 
- Annual subscription will be automatically renewed if not terminated three months prior to expiration. 
 
Additionally, the restrictions according to the LICENSE PROFILE defined on page ""Scope of license"" apply.";n/a;12 months / yearly automatically renewed;n/a;Annual subscription;Anually at the beginning of the extended period;n/a;License;;no technical license protection;0;10;;Fix rate;FALSE;;TotalAmountAsUpdateRight;TRUE
;520;HW Repair;"- ELEKTROBIT HARDWARE-related repair 
- Scope defined in section ""Products and services"".";n/a;n/a;FINALIZED PURCHASE PROCESS + 16 weeks;One-time payment;With FINAL DELIVERY;n/a;Hardware;;no technical license protection;0;10;;#N/A;FALSE;0;none;TRUE
yes;521;Cybersecurity Maintenance - Subscription;"- Installation of MAINTENANCE period (as defined on page ""Definitions"")
- Provides the cybersecurity maintenance as defined in the Maintenance and Support Annex.  
- Possibility to get security vulnerability fixes for one specific RFM version and the right to deploy it to production version software.
- Annual subscription will be automatically renewed if not terminated three months prior to expiration.

Additionally, the restrictions according to the LICENSE PROFILE defined on page ""Scope of license"" apply.
The CyberSecurity MAINTENANCE is valid for one specific RFM version only.";n/a;12 months / yearly automatically renewed;n/a;Annual subscription;Anually at the beginning of the extended period;n/a;License;;no technical license protection;0;10;;Fix rate;FALSE;;TotalAmountAsUpdateRight;TRUE
yes;522;Maintenance;"- Installation of MAINTENANCE period (as defined on page ""Definitions"") 
- Provides the security vulnerability fixes, bug fixes and feature. updates and the right to deploy them to production version software 
- Valid for existing Production License – Royalty 
- Annual subscription will be automatically renewed if not terminated three months prior to expiration. 
 
Additionally, the restrictions according to the LICENSE PROFILE defined on page ""Scope of license"" apply.";n/a;12 months / yearly automatically renewed;n/a;Annual subscription;Anually at the beginning of the extended period;n/a;License;;no technical license protection;0;10;;#N/A;FALSE;0;none;TRUE
yes;523;Hardware Repair;"- ELEKTROBIT HARDWARE-related repair
- Scope defined in section ""Products and Services""";n/a;n/a;FINALIZED PURCHASE PROCESS + 16 weeks;One-time payment;With FINAL DELIVERY;n/a;Hardware;;no technical license protection;0;10;;Calculated;FALSE;;none;TRUE
yes;524;Node Locked License - Subscription;"- Node Locked License (as defined in Elektrobit T&C) 
- Annual subscription will be automatically renewed if not terminated three months prior to expiration.";12 months / yearly automatically renewed;12 months / yearly automatically renewed;FINALIZED PURCHASE PROCESS + 2 weeks;Annual subscription;First payment due after FINAL DELIVERY / Recurring payment based on LICENSE PERIOD;Elektrobit Tooling Licence;License;;FlexNet Publisher Application Activation Code;0;10;;Fix rate;FALSE;;UpdateRightByConfiguration;TRUE
yes;525;Support package (Elektrobit product);- Elektrobit product-related support by phone or support portal. Quota valid for 12 months;n/a;n/a;In mutual alignment with the project;One-time payment;With FINALIZED PURCHASE PROCESS;n/a;Product related service without profile;;no technical license protection;0;10;;Calculated;FALSE;10;none;TRUE
yes;526;License Services (EB Assist);"- EB Assist license-related service
- Scope defined in section ""Products and services"".";n/a;n/a;In mutual alignment with the project;One-time payment;With FINALIZED PURCHASE PROCESS;n/a;Product related service without profile;;ADTF Node-Locked License File;0;10;;Calculated;FALSE;;none;TRUE
yes;527;Development - Subscription;"- Annual subscription will be automatically renewed if not terminated three months prior to expiration. 
- Including MAINTENANCE (as defined on page ""Definitions"").";12 months / yearly automatically renewed;12 months / yearly automatically renewed;FINALIZED PURCHASE PROCESS + 2 weeks;Annual subscription;First payment due after FINAL DELIVERY / Recurring payment based on LICENSE PERIOD;Development License;License;;no technical license protection;0;10;;Fix rate;TRUE;20;UpdateRightByConfiguration;TRUE
yes;528;One time fee;;n/a;n/a;In mutual alignment with the project;One-time payment;With FINAL DELIVERY;n/a;Product related service without profile;;no technical license protection;6500;10;;Calculated;FALSE;;none;TRUE
yes;529;Maintenance fee - per Unit;"- Installation of MAINTENANCE period (as defined on page ""Definitions"")
- Provides the security vulnerability and bug fixes and the right to deploy it to production version software
- Invoicing based on produced unit
- Price level based on annually produced volume";n/a;n/a;n/a;Per unit;Monthly based on units;n/a;License;;no technical license protection;0;10;;Fix rate;FALSE;;none;TRUE
yes;530;Maintenance fee - Subscription;"- Installation of MAINTENANCE period (as defined on page ""Definitions"")
- Provides the security vulnerability and bug fixes and the right to deploy it to production version software
- Annual subscription will be automatically renewed if not terminated three months prior to expiration.";n/a;12 months / yearly automatically renewed;n/a;Annual subscription;Anually at the beginning of the extended period;n/a;License;;no technical license protection;0;10;;Fix rate;FALSE;;TotalAmountAsUpdateRight;TRUE
yes;531;Time and Material;;n/a;n/a;In mutual alignment with the project;Monthly based on effort;Monthly based on effort;n/a;Product related service without profile;;no technical license protection;0;10;;Calculated;FALSE;;none;TRUE
yes;532;Long Term Stable Maintenance - Subscription;"- Installation of MAINTENANCE period (as defined on page ""Definitions"")
- Includes the cybersecurity maintenance and additional bug fix support for one specific RFM version and right to deploy them to production version software as described in the Maintenance and Support Annex.
- Annual subscription will be automatically renewed if not terminated three months prior to expiration.

Additionally, the restrictions according to the LICENSE PROFILE defined on page ""Scope of license"" apply. 
The Long Term Stable MAINTENANCE is valid for one specific RFM version only.";n/a;12 months / yearly automatically renewed;n/a;Annual subscription;Anually at the beginning of the extended period;n/a;License;;no technical license protection;0;10;;Fix rate;FALSE;;TotalAmountAsUpdateRight;TRUE
yes;533;Cybersecurity Update Package;Separately agreed software update including cybersecurity vulnerability fix for the agreed RfM version.;n/a;n/a;FINALIZED PURCHASE PROCESS + 2 weeks;One-time payment;With FINAL DELIVERY;n/a;License;;no technical license protection;0;10;;Fix rate;FALSE;;none;TRUE
yes;534;Support Package (China);;n/a;n/a;In mutual alignment with the project;Monthly based on effort;Monthly based on effort;n/a;Product related service without profile;;no technical license protection;0;0;;Calculated;FALSE;;none;TRUE
yes;535;Support Package (Europe);;n/a;n/a;In mutual alignment with the project;Monthly based on effort;Monthly based on effort;n/a;Product related service without profile;;no technical license protection;0;0;;Calculated;FALSE;;none;TRUE
yes;536;Support Package (India);;n/a;n/a;In mutual alignment with the project;Monthly based on effort;Monthly based on effort;n/a;Product related service without profile;;no technical license protection;0;0;;Calculated;FALSE;;none;TRUE
yes;537;Support Package (Japan);;n/a;n/a;In mutual alignment with the project;Monthly based on effort;Monthly based on effort;n/a;Product related service without profile;;no technical license protection;0;0;;Calculated;FALSE;;none;TRUE
yes;538;Support Package (South Korea);;n/a;n/a;In mutual alignment with the project;Monthly based on effort;Monthly based on effort;n/a;Product related service without profile;;no technical license protection;0;0;;Calculated;FALSE;;none;TRUE
yes;539;Support Package (USA);;n/a;n/a;In mutual alignment with the project;Monthly based on effort;Monthly based on effort;n/a;Product related service without profile;;no technical license protection;0;0;;Calculated;FALSE;;none;TRUE
yes;542;Long Term Stable Maintenance for Project License;"General: Cybersecurity Monitoring is valid for predetermined versions, which is shared with all subscribers. The CSM subscription is offered for a maximum of 20 years after release of the Base Line Version. The yearly maintenance subscription will be automatically renewed if not terminated three months prior to expiration. The price depends on the corresponding License Profile.
Included: Cybersecurity Monitoring: Monitoring for defects and security vulnerabilities for CSM version, Monitoring of the market and the usage of the product, Threat analysis and risk assessment (TARA), Rating of incidents based on Common Vulnerability Scoring System (CVSS), Access to the customer portal (EB Command), Maintenance of the development, integration and test infrastructure for the selected version, Maintenance of the Elektrobit Cybersecurity Management system (certified by external entity)
Optional: Issue fixes can be ordered. Elektrobit will quote individually, Option to upgrade to LTS Maintenance, Option to upgrade the maintenance profile to cover additional customer products.
Not included: Any Maintenance delivery (Feature extensions, Issue fixes)";n/a;12 months / yearly automatically renewed;FINALIZED PURCHASE PROCESS + 2 weeks;Annual subscription;Anually at the beginning of the extended period;n/a;Integration Package;;no technical license protection;;10;0;Fix rate;FALSE;0;UpdateRightByConfiguration;TRUE
yes;543;Long Term Stable Maintenance for Product Line License;"General: The Long term stable (LTS) Maintenance is valid for predetermined versions (LTS versions), which is shared with all subscribers. The LTSM subscription is offered for a maximum of five years for platform-independent software following the release of the subsequent ACG Baseline version with the RFM quality level. The annual subscription will be automatically renewed if not terminated three months prior to expiration. Additionally, the restrictions according to the LICENSE PROFILE defined on page ""Scope of license"" apply.";n/a;12 months / yearly automatically renewed;#N/A;Annual subscription;Anually at the beginning of the extended period;n/a;Integration Package;;no technical license protection;;10;0;Fix rate;FALSE;0;UpdateRightByConfiguration;TRUE
yes;544;Long Term Stable Maintenance for Company License for Tier 1;"General: The Long term stable (LTS) Maintenance is valid for predetermined versions (LTS versions), which is shared with all subscribers. The LTSM subscription is offered for a maximum of five years for platform-independent software following the release of the subsequent ACG Baseline version with the RFM quality level. The annual subscription will be automatically renewed if not terminated three months prior to expiration. Additionally, the restrictions according to the LICENSE PROFILE defined on page ""Scope of license"" apply.

Included: Cyber Security Monitoring (Monitoring for defects and security vulnerabilities for the LTSM version). Maintenance of the development, integration and test infrastructure for the selected version. Fixes for known issues are included in the LTS version if the project is affected by the issue and requests them. The issue fixes can be shared directly with Quality Level Dev-Drop. Elektrobit provides one free LTS module update release per quarter for the LTS Version. The specific dates will be published on the roadmap. These updates includes issue fixes that meet Quality Level RFM or have
received Safety Approval, based on previously submitted requests. Right to deploy the software to production version software as described in the Maintenance and Support Annex.

Optional: Projects can order additional module update releases on request. Feature Change Requests (CRs) can be ordered additionally. The CRs need to fulfill specific criteria, so that they can be implemented in the specific RFM version.
The maintenance profile can be upgraded to extend coverage to additional projects.

Not included: Standard services such as Safety Approval Packages, SOP QP Packages, BSPs, CRs";n/a;12 months / yearly automatically renewed;#N/A;Annual subscription;Anually at the beginning of the extended period;n/a;Integration Package;;no technical license protection;;10;0;Fix rate;FALSE;0;UpdateRightByConfiguration;TRUE
yes;545;Long Term Stable Maintenance for OEM-restricted Company License for Tier 1;"General: The Long term stable (LTS) Maintenance is valid for predetermined versions (LTS versions), which is shared with all subscribers. The LTSM subscription is offered for a maximum of five years for platform-independent software following the release of the subsequent ACG Baseline version with the RFM quality level. The annual subscription will be automatically renewed if not terminated three months prior to expiration. Additionally, the restrictions according to the LICENSE PROFILE defined on page ""Scope of license"" apply.

Included: Cyber Security Monitoring (Monitoring for defects and security vulnerabilities for the LTSM version). Maintenance of the development, integration and test infrastructure for the selected version. Fixes for known issues are included in the LTS version if the project is affected by the issue and requests them. The issue fixes can be shared directly with Quality Level Dev-Drop. Elektrobit provides one free LTS module update release per quarter for the LTS Version. The specific dates will be published on the roadmap. These updates includes issue fixes that meet Quality Level RFM or have received Safety Approval, based on previously submitted requests. Right to deploy the software to production version software as described in the Maintenance and Support Annex.

Optional: Projects can order additional module update releases on request. Feature Change Requests (CRs) can be ordered additionally. The CRs need to fulfill specific criteria, so that they can be implemented in the specific RFM version.
The maintenance profile can be upgraded to extend coverage to additional projects.

Not included: Standard services such as Safety Approval Packages, SOP QP Packages, BSPs, CRs";n/a;12 months / yearly automatically renewed;#N/A;Annual subscription;Anually at the beginning of the extended period;n/a;Integration Package;;no technical license protection;;10;0;Fix rate;FALSE;0;UpdateRightByConfiguration;TRUE
yes;546;Long Term Stable Maintenance for ECU Cross-Platform License for OEM;"General: The Long term stable (LTS) Maintenance is valid for predetermined versions (LTS versions), which is shared with all subscribers. The LTSM subscription is offered for a maximum of five years for platform-independent software following the release of the subsequent ACG Baseline version with the RFM quality level. The annual subscription will be automatically renewed if not terminated three months prior to expiration. Additionally, the restrictions according to the LICENSE PROFILE defined on page ""Scope of license"" apply.

Included: Cyber Security Monitoring (Monitoring for defects and security vulnerabilities for the LTSM version). Maintenance of the development, integration and test infrastructure for the selected version. Fixes for known issues are included in the LTS version if the project is affected by the issue and requests them. The issue fixes can be shared directly with Quality Level Dev-Drop. Elektrobit provides one free LTS module update release per quarter for the LTS Version. The specific dates will be published on the roadmap. These updates includes issue fixes that meet Quality Level RFM or have
received Safety Approval, based on previously submitted requests. Right to deploy the software to production version software as described in the Maintenance and Support Annex.

Optional: Projects can order additional module update releases on request. Feature Change Requests (CRs) can be ordered additionally. The CRs need to fulfill specific criteria, so that they can be implemented in the specific RFM version.
The maintenance profile can be upgraded to extend coverage to additional projects.

Not included: Standard services such as Safety Approval Packages, SOP QP Packages, BSPs, CRs";n/a;12 months / yearly automatically renewed;#N/A;Annual subscription;Anually at the beginning of the extended period;n/a;Integration Package;;no technical license protection;;10;0;Fix rate;FALSE;0;UpdateRightByConfiguration;TRUE
yes;547;Long Term Stable Maintenance for OEM-restricted Product Line License;"General: The Long term stable (LTS) Maintenance is valid for predetermined versions (LTS versions), which is shared with all subscribers. The LTSM subscription is offered for a maximum of five years for platform-independent software following the release of the subsequent ACG Baseline version with the RFM quality level. The annual subscription will be automatically renewed if not terminated three months prior to expiration. Additionally, the restrictions according to the LICENSE PROFILE defined on page ""Scope of license"" apply.

Included: Cyber Security Monitoring (Monitoring for defects and security vulnerabilities for the LTSM version). Maintenance of the development, integration and test infrastructure for the selected version. Fixes for known issues are included in the LTS version if the project is affected by the issue and requests them. The issue fixes can be shared directly with Quality Level Dev-Drop. Elektrobit provides one free LTS module update release per quarter for the LTS Version. The specific dates will be published on the roadmap. These updates includes issue fixes that meet Quality Level RFM or have
received Safety Approval, based on previously submitted requests. Right to deploy the software to production version software as described in the Maintenance and Support Annex.

Optional: Projects can order additional module update releases on request. Feature Change Requests (CRs) can be ordered additionally. The CRs need to fulfill specific criteria, so that they can be implemented in the specific RFM version.
The maintenance profile can be upgraded to extend coverage to additional projects.

Not included: Standard services such as Safety Approval Packages, SOP QP Packages, BSPs, CRs";n/a;12 months / yearly automatically renewed;#N/A;Annual subscription;Anually at the beginning of the extended period;n/a;Integration Package;;no technical license protection;;10;0;Fix rate;FALSE;0;UpdateRightByConfiguration;TRUE
yes;548;Long Term Stable Maintenance for BU License for Tier 1;"General: The Long term stable (LTS) Maintenance is valid for predetermined versions (LTS versions), which is shared with all subscribers. The LTSM subscription is offered for a maximum of five years for platform-independent software following the release of the subsequent ACG Baseline version with the RFM quality level. The annual subscription will be automatically renewed if not terminated three months prior to expiration. Additionally, the restrictions according to the LICENSE PROFILE defined on page ""Scope of license"" apply.

Included: Cyber Security Monitoring (Monitoring for defects and security vulnerabilities for the LTSM version). Maintenance of the development, integration and test infrastructure for the selected version. Fixes for known issues are included in the LTS version if the project is affected by the issue and requests them. The issue fixes can be shared directly with Quality Level Dev-Drop. Elektrobit provides one free LTS module update release per quarter for the LTS Version. The specific dates will be published on the roadmap. These updates includes issue fixes that meet Quality Level RFM or have
received Safety Approval, based on previously submitted requests. Right to deploy the software to production version software as described in the Maintenance and Support Annex.

Optional: Projects can order additional module update releases on request. Feature Change Requests (CRs) can be ordered additionally. The CRs need to fulfill specific criteria, so that they can be implemented in the specific RFM version.
The maintenance profile can be upgraded to extend coverage to additional projects.

Not included: Standard services such as Safety Approval Packages, SOP QP Packages, BSPs, CRs";n/a;12 months / yearly automatically renewed;#N/A;Annual subscription;Anually at the beginning of the extended period;n/a;Integration Package;;no technical license protection;;10;0;Fix rate;FALSE;0;UpdateRightByConfiguration;TRUE
yes;549;Long Term Stable Maintenance for Company License for OEM;"General: The Long term stable (LTS) Maintenance is valid for predetermined versions (LTS versions), which is shared with all subscribers. The LTSM subscription is offered for a maximum of five years for platform-independent software following the release of the subsequent ACG Baseline version with the RFM quality level. The annual subscription will be automatically renewed if not terminated three months prior to expiration. Additionally, the restrictions according to the LICENSE PROFILE defined on page ""Scope of license"" apply.

Included: Cyber Security Monitoring (Monitoring for defects and security vulnerabilities for the LTSM version). Maintenance of the development, integration and test infrastructure for the selected version. Fixes for known issues are included in the LTS version if the project is affected by the issue and requests them. The issue fixes can be shared directly with Quality Level Dev-Drop. Elektrobit provides one free LTS module update release per quarter for the LTS Version. The specific dates will be published on the roadmap. These updates includes issue fixes that meet Quality Level RFM or have
received Safety Approval, based on previously submitted requests. Right to deploy the software to production version software as described in the Maintenance and Support Annex.

Optional: Projects can order additional module update releases on request. Feature Change Requests (CRs) can be ordered additionally. The CRs need to fulfill specific criteria, so that they can be implemented in the specific RFM version.
The maintenance profile can be upgraded to extend coverage to additional projects.

Not included: Standard services such as Safety Approval Packages, SOP QP Packages, BSPs, CRs";n/a;12 months / yearly automatically renewed;#N/A;Annual subscription;Anually at the beginning of the extended period;n/a;Integration Package;;no technical license protection;;10;0;Fix rate;FALSE;0;UpdateRightByConfiguration;TRUE
yes;550;Cybersecurity Monitoring for Project License;"General: Cybersecurity Monitoring is valid for predetermined versions, which is shared with all subscribers. The CSM subscription is offered for a maximum of 20 years after release of the Base Line Version. The yearly maintenance subscription will be automatically renewed if not terminated three months prior to expiration. The price depends on the corresponding License Profile.
Included: Cybersecurity Monitoring: Monitoring for defects and security vulnerabilities for CSM version, Monitoring of the market and the usage of the product, Threat analysis and risk assessment (TARA), Rating of incidents based on Common Vulnerability Scoring System (CVSS), Access to the customer portal (EB Command), Maintenance of the development, integration and test infrastructure for the selected version, Maintenance of the Elektrobit Cybersecurity Management system (certified by external entity)
Optional: Issue fixes can be ordered. Elektrobit will quote individually, Option to upgrade to LTS Maintenance, Option to upgrade the maintenance profile to cover additional customer products.
Not included: Any Maintenance delivery (Feature extensions, Issue fixes)";n/a;12 months / yearly automatically renewed;#N/A;Annual subscription;Anually at the beginning of the extended period;n/a;Integration Package;;no technical license protection;;10;0;Fix rate;FALSE;0;UpdateRightByConfiguration;TRUE
yes;551;Cybersecurity Monitoring for Product Line License;"General: Cybersecurity Monitoring is valid for predetermined versions, which is shared with all subscribers. The CSM subscription is offered for a maximum of 20 years after release of the Base Line Version. The yearly maintenance subscription will be automatically renewed if not terminated three months prior to expiration. The price depends on the corresponding License Profile.
Included: Cybersecurity Monitoring: Monitoring for defects and security vulnerabilities for CSM version, Monitoring of the market and the usage of the product, Threat analysis and risk assessment (TARA), Rating of incidents based on Common Vulnerability Scoring System (CVSS), Access to the customer portal (EB Command), Maintenance of the development, integration and test infrastructure for the selected version, Maintenance of the Elektrobit Cybersecurity Management system (certified by external entity)
Optional: Issue fixes can be ordered. Elektrobit will quote individually, Option to upgrade to LTS Maintenance, Option to upgrade the maintenance profile to cover additional customer products.
Not included: Any Maintenance delivery (Feature extensions, Issue fixes)";n/a;12 months / yearly automatically renewed;#N/A;Annual subscription;Anually at the beginning of the extended period;n/a;Integration Package;;no technical license protection;;10;0;Fix rate;FALSE;0;UpdateRightByConfiguration;TRUE
yes;552;Cybersecurity Monitoring for Company License for Tier 1;"General: Cybersecurity Monitoring is valid for predetermined versions, which is shared with all subscribers. The CSM subscription is offered for a maximum of 20 years after release of the Base Line Version. The yearly maintenance subscription will be automatically renewed if not terminated three months prior to expiration. The price depends on the corresponding License Profile.
Included: Cybersecurity Monitoring: Monitoring for defects and security vulnerabilities for CSM version, Monitoring of the market and the usage of the product, Threat analysis and risk assessment (TARA), Rating of incidents based on Common Vulnerability Scoring System (CVSS), Access to the customer portal (EB Command), Maintenance of the development, integration and test infrastructure for the selected version, Maintenance of the Elektrobit Cybersecurity Management system (certified by external entity)
Optional: Issue fixes can be ordered. Elektrobit will quote individually, Option to upgrade to LTS Maintenance, Option to upgrade the maintenance profile to cover additional customer products.
Not included: Any Maintenance delivery (Feature extensions, Issue fixes)";n/a;12 months / yearly automatically renewed;#N/A;Annual subscription;Anually at the beginning of the extended period;n/a;Integration Package;;no technical license protection;;10;0;Fix rate;FALSE;0;UpdateRightByConfiguration;TRUE
yes;553;Cybersecurity Monitoring for OEM-restricted Company License for Tier 1;"General: Cybersecurity Monitoring is valid for predetermined versions, which is shared with all subscribers. The CSM subscription is offered for a maximum of 20 years after release of the Base Line Version. The yearly maintenance subscription will be automatically renewed if not terminated three months prior to expiration. The price depends on the corresponding License Profile.
Included: Cybersecurity Monitoring: Monitoring for defects and security vulnerabilities for CSM version, Monitoring of the market and the usage of the product, Threat analysis and risk assessment (TARA), Rating of incidents based on Common Vulnerability Scoring System (CVSS), Access to the customer portal (EB Command), Maintenance of the development, integration and test infrastructure for the selected version, Maintenance of the Elektrobit Cybersecurity Management system (certified by external entity)
Optional: Issue fixes can be ordered. Elektrobit will quote individually, Option to upgrade to LTS Maintenance, Option to upgrade the maintenance profile to cover additional customer products.
Not included: Any Maintenance delivery (Feature extensions, Issue fixes)";n/a;12 months / yearly automatically renewed;#N/A;Annual subscription;Anually at the beginning of the extended period;n/a;Integration Package;;no technical license protection;;10;0;Fix rate;FALSE;0;UpdateRightByConfiguration;TRUE
yes;554;Cybersecurity Monitoring for ECU Cross-Platform License for OEM;"General: Cybersecurity Monitoring is valid for predetermined versions, which is shared with all subscribers. The CSM subscription is offered for a maximum of 20 years after release of the Base Line Version. The yearly maintenance subscription will be automatically renewed if not terminated three months prior to expiration. The price depends on the corresponding License Profile.
Included: Cybersecurity Monitoring: Monitoring for defects and security vulnerabilities for CSM version, Monitoring of the market and the usage of the product, Threat analysis and risk assessment (TARA), Rating of incidents based on Common Vulnerability Scoring System (CVSS), Access to the customer portal (EB Command), Maintenance of the development, integration and test infrastructure for the selected version, Maintenance of the Elektrobit Cybersecurity Management system (certified by external entity)
Optional: Issue fixes can be ordered. Elektrobit will quote individually, Option to upgrade to LTS Maintenance, Option to upgrade the maintenance profile to cover additional customer products.
Not included: Any Maintenance delivery (Feature extensions, Issue fixes)";n/a;12 months / yearly automatically renewed;#N/A;Annual subscription;Anually at the beginning of the extended period;n/a;Integration Package;;no technical license protection;;10;0;Fix rate;FALSE;0;UpdateRightByConfiguration;TRUE
yes;555;Cybersecurity Monitoring for OEM-restricted Product Line License;"General: Cybersecurity Monitoring is valid for predetermined versions, which is shared with all subscribers. The CSM subscription is offered for a maximum of 20 years after release of the Base Line Version. The yearly maintenance subscription will be automatically renewed if not terminated three months prior to expiration. The price depends on the corresponding License Profile.
Included: Cybersecurity Monitoring: Monitoring for defects and security vulnerabilities for CSM version, Monitoring of the market and the usage of the product, Threat analysis and risk assessment (TARA), Rating of incidents based on Common Vulnerability Scoring System (CVSS), Access to the customer portal (EB Command), Maintenance of the development, integration and test infrastructure for the selected version, Maintenance of the Elektrobit Cybersecurity Management system (certified by external entity)
Optional: Issue fixes can be ordered. Elektrobit will quote individually, Option to upgrade to LTS Maintenance, Option to upgrade the maintenance profile to cover additional customer products.
Not included: Any Maintenance delivery (Feature extensions, Issue fixes)";n/a;12 months / yearly automatically renewed;#N/A;Annual subscription;Anually at the beginning of the extended period;n/a;Integration Package;;no technical license protection;;10;0;Fix rate;FALSE;0;UpdateRightByConfiguration;TRUE
yes;556;Cybersecurity Monitoring for BU License for Tier 1;"General: Cybersecurity Monitoring is valid for predetermined versions, which is shared with all subscribers. The CSM subscription is offered for a maximum of 20 years after release of the Base Line Version. The yearly maintenance subscription will be automatically renewed if not terminated three months prior to expiration. The price depends on the corresponding License Profile.
Included: Cybersecurity Monitoring: Monitoring for defects and security vulnerabilities for CSM version, Monitoring of the market and the usage of the product, Threat analysis and risk assessment (TARA), Rating of incidents based on Common Vulnerability Scoring System (CVSS), Access to the customer portal (EB Command), Maintenance of the development, integration and test infrastructure for the selected version, Maintenance of the Elektrobit Cybersecurity Management system (certified by external entity)
Optional: Issue fixes can be ordered. Elektrobit will quote individually, Option to upgrade to LTS Maintenance, Option to upgrade the maintenance profile to cover additional customer products.
Not included: Any Maintenance delivery (Feature extensions, Issue fixes)";n/a;12 months / yearly automatically renewed;#N/A;Annual subscription;Anually at the beginning of the extended period;n/a;Integration Package;;no technical license protection;;10;0;Fix rate;FALSE;0;UpdateRightByConfiguration;TRUE
yes;557;Cybersecurity Monitoring for Company License for OEM;"General: Cybersecurity Monitoring is valid for predetermined versions, which is shared with all subscribers. The CSM subscription is offered for a maximum of 20 years after release of the Base Line Version. The yearly maintenance subscription will be automatically renewed if not terminated three months prior to expiration. The price depends on the corresponding License Profile.
Included: Cybersecurity Monitoring: Monitoring for defects and security vulnerabilities for CSM version, Monitoring of the market and the usage of the product, Threat analysis and risk assessment (TARA), Rating of incidents based on Common Vulnerability Scoring System (CVSS), Access to the customer portal (EB Command), Maintenance of the development, integration and test infrastructure for the selected version, Maintenance of the Elektrobit Cybersecurity Management system (certified by external entity)
Optional: Issue fixes can be ordered. Elektrobit will quote individually, Option to upgrade to LTS Maintenance, Option to upgrade the maintenance profile to cover additional customer products.
Not included: Any Maintenance delivery (Feature extensions, Issue fixes)";n/a;12 months / yearly automatically renewed;#N/A;Annual subscription;Anually at the beginning of the extended period;n/a;Integration Package;;no technical license protection;;10;0;Fix rate;FALSE;0;UpdateRightByConfiguration;TRUE
